bibtex_key,authors,year,title,venue,pages,doi,url,accessed,chapters,confidence,raw
abdelali2018diacritiza,"Abdelali, A., Attia, M., Samih, Y., Darwish, K., & Mubarak, H",2018,Diacritization of Maghrebi Arabic sub-dialects,arXiv preprint arXiv:1810.06619,,,https://arxiv.org/abs/1810.06619,,2,medium,"Abdelali, A., Attia, M., Samih, Y., Darwish, K., & Mubarak, H. (2018). Diacritization of Maghrebi Arabic sub-dialects. arXiv preprint arXiv:1810.06619. https://arxiv.org/abs/1810.06619"
abdelali2016farasa,"Abdelali, A., Darwish, K., Durrani, N., & Mubarak, H",2016,Farasa: A fast and furious segmenter for Arabic,Proceedings of the 2016 Conference of the North American Chapter of the Association for Computational Linguistics: Demonstrations,11-16,10.18653/v1/N16-3003,https://doi.org/10.18653/v1/N16-3003,,9,high,"Abdelali, A., Darwish, K., Durrani, N., & Mubarak, H. (2016). Farasa: A fast and furious segmenter for Arabic. Proceedings of the 2016 Conference of the North American Chapter of the Association for Computational Linguistics: Demonstrations, 11-16. https://doi.org/10.18653/v1/N16-3003"
abdelfattah2025automatic,"Abdelfattah, A., Khalil, M. I., & Abbas, H",2025,Automatic pronunciation error detection and correction of the Holy Quran’s learners using deep learning,arXiv preprint arXiv:2509.00094,,,https://arxiv.org/abs/2509.00094,9 August 2026,12,medium,"Abdelfattah, A., Khalil, M. I., & Abbas, H. (2025). Automatic pronunciation error detection and correction of the Holy Quran’s learners using deep learning. arXiv preprint arXiv:2509.00094. https://arxiv.org/abs/2509.00094 Accessed 9 August 2026."
abdou2019arabic,"Abdou, S. M., & Moussa, A. M",2019,Arabic speech recognition: Challenges and state of the art,"In Computational Linguistics, Speech and Image Processing for Arabic Language. World Scientific",,10.1142/9789813229396_0001,https://doi.org/10.1142/9789813229396_0001,,1,high,"Abdou, S. M., & Moussa, A. M. (2019). Arabic speech recognition: Challenges and state of the art. In Computational Linguistics, Speech and Image Processing for Arabic Language. World Scientific. https://doi.org/10.1142/9789813229396_0001"
abdulmageed2020nadi,"Abdul-Mageed, M., Zhang, C., Bouamor, H., & Habash, N",2020,NADI 2020: The first nuanced Arabic dialect identification shared task,Proceedings of the Fifth Arabic Natural Language Processing Workshop (WANLP),97-110,,https://aclanthology.org/2020.wanlp-1.9/,30 July 2026,8,high,"Abdul-Mageed, M., Zhang, C., Bouamor, H., & Habash, N. (2020). NADI 2020: The first nuanced Arabic dialect identification shared task. Proceedings of the Fifth Arabic Natural Language Processing Workshop (WANLP), 97-110. https://aclanthology.org/2020.wanlp-1.9/ Accessed 30 July 2026."
abdulla1985real,"Abdulla, W. H., & Abdul-Karim, M. A. H",1985,Real-time spoken Arabic digit recognizer,"International Journal of Electronics, 59(5)",645-648,10.1080/00207218508920741,https://doi.org/10.1080/00207218508920741,,1,high,"Abdulla, W. H., & Abdul-Karim, M. A. H. (1985). Real-time spoken Arabic digit recognizer. International Journal of Electronics, 59(5), 645-648. https://doi.org/10.1080/00207218508920741"
abuali2022full,"Abuali, B., & Kurdy, M.-B",2022,Full diacritization of the Arabic text to improve screen readers for the visually impaired,"Advances in Human-Computer Interaction, 2022, 1186678",,10.1155/2022/1186678,https://doi.org/10.1155/2022/1186678,,9,high,"Abuali, B., & Kurdy, M.-B. (2022). Full diacritization of the Arabic text to improve screen readers for the visually impaired. Advances in Human-Computer Interaction, 2022, 1186678. https://doi.org/10.1155/2022/1186678"
adelani2026speech,"Adelani, D. I., Agostinelli, V., Anastasopoulos, A., Bentivogli, L., Bojar, O., Bratières, S., Carpuat, M., Carraro, F., Cattoni, R., Cettolo, M., Chen, L., Federico, M., Gaido, M., Gupta, M., Han, H., Hatami, A., Howe, L. C., Javorský, D., Jeon, Y., Kasztelnik, M., Laurent, A., Liu, D., Luu, N., Ma, M., Macháček, D., Maltais, M., Matusov, E., McCrae, J., Meng, C., Maurya, C. K., Mohammadamini, M., Moslem, Y., Murray, K., Nakamura, S., Negri, M., Niehues, J., Ojha, A. K., Ortega, J. E., Ouyang, S., Papi, S., Polák, P., Retkowski, F., Sanchez, S., Savoldi, B., Sikasote, C., Sperber, M., Stüker, S., Sudoh, K., Tahon, M., Turchi, M., Waibel, A., Wilken, P., Zevallos, R., Zouhar, V., & Züfle, M",2026,Speech translation and metrics in 2026: Findings of the IWSLT campaign,Proceedings of the 23rd International Conference on Spoken Language Translation (IWSLT),336-422,,https://aclanthology.org/2026.iwslt-1.39/,5 August 2026,10,high,"Adelani, D. I., Agostinelli, V., Anastasopoulos, A., Bentivogli, L., Bojar, O., Bratières, S., Carpuat, M., Carraro, F., Cattoni, R., Cettolo, M., Chen, L., Federico, M., Gaido, M., Gupta, M., Han, H., Hatami, A., Howe, L. C., Javorský, D., Jeon, Y., Kasztelnik, M., Laurent, A., Liu, D., Luu, N., Ma, M., Macháček, D., Maltais, M., Matusov, E., McCrae, J., Meng, C., Maurya, C. K., Mohammadamini, M., Moslem, Y., Murray, K., Nakamura, S., Negri, M., Niehues, J., Ojha, A. K., Ortega, J. E., Ouyang, S., Papi, S., Polák, P., Retkowski, F., Sanchez, S., Savoldi, B., Sikasote, C., Sperber, M., Stüker, S., Sudoh, K., Tahon, M., Turchi, M., Waibel, A., Wilken, P., Zevallos, R., Zouhar, V., & Züfle, M. (2026). Speech translation and metrics in 2026: Findings of the IWSLT campaign. Proceedings of the 23rd International Conference on Spoken Language Translation (IWSLT), 336-422. https://aclanthology.org/2026.iwslt-1.39/ Accessed 5 August 2026."
afouras2022deep,"Afouras, T., Chung, J. S., Senior, A., Vinyals, O., & Zisserman, A",2022,Deep audio-visual speech recognition,"IEEE Transactions on Pattern Analysis and Machine Intelligence, 44(12)",8717-8727,10.1109/TPAMI.2018.2889052,https://doi.org/10.1109/TPAMI.2018.2889052,,12,high,"Afouras, T., Chung, J. S., Senior, A., Vinyals, O., & Zisserman, A. (2022). Deep audio-visual speech recognition. IEEE Transactions on Pattern Analysis and Machine Intelligence, 44(12), 8717-8727. https://doi.org/10.1109/TPAMI.2018.2889052"
al2026oman,"Al Khadhuri, R. S., Al Mahrouqi, F., Al Mandhari, S., Al-Kathiri, A. A., Alshahri, O. S., Alsaqr, G. M., Mudhsh, B. A., & Fatnassi, T",2026,OMAN-SPEECH: A multi-layer annotated speech corpus for Omani Arabic dialects,Proceedings of the Second Workshop on Natural Language Processing for Languages Using Arabic Script (AbjadNLP),229-235,10.18653/v1/2026.abjadnlp-1.31,https://doi.org/10.18653/v1/2026.abjadnlp-1.31,,8,high,"Al Khadhuri, R. S., Al Mahrouqi, F., Al Mandhari, S., Al-Kathiri, A. A., Alshahri, O. S., Alsaqr, G. M., Mudhsh, B. A., & Fatnassi, T. (2026). OMAN-SPEECH: A multi-layer annotated speech corpus for Omani Arabic dialects. Proceedings of the Second Workshop on Natural Language Processing for Languages Using Arabic Script (AbjadNLP), 229-235. https://doi.org/10.18653/v1/2026.abjadnlp-1.31"
alfetyani2023masc,"Al-Fetyani, M., Al-Barham, M., Abandah, G. A., Alsharkawi, A., & Dawas, M",2023,MASC: Massive Arabic Speech Corpus,IEEE Spoken Language Technology Workshop (SLT),1006-1013,10.1109/SLT54892.2023.10022652,https://doi.org/10.1109/SLT54892.2023.10022652,,1;3;6;7;14,high,"Al-Fetyani, M., Al-Barham, M., Abandah, G. A., Alsharkawi, A., & Dawas, M. (2023). MASC: Massive Arabic Speech Corpus. IEEE Spoken Language Technology Workshop (SLT), 1006-1013. https://doi.org/10.1109/SLT54892.2023.10022652"
alkhalifa2026when,"Al-Khalifa, H",2026,When Does OmniASR Fail? A Fine-Grained Human Evaluation on Saudi Arabic Dialects,Proceedings of SPEAKABLE @ LREC 2026. ELRA Language Resources Association,118-124,,http://www.lrec-conf.org/proceedings/lrec2026/workshops/speakable/pdf/2026.speakable-1.13.pdf,10 August 2026,6;11;13,high,"Al-Khalifa, H. (2026). When Does OmniASR Fail? A Fine-Grained Human Evaluation on Saudi Arabic Dialects. Proceedings of SPEAKABLE @ LREC 2026, 118-124. ELRA Language Resources Association. http://www.lrec-conf.org/proceedings/lrec2026/workshops/speakable/pdf/2026.speakable-1.13.pdf Accessed 28 July 2026. Archived at https://web.archive.org/web/20260627002833/http://www.lrec-conf.org/proceedings/lrec2026/workshops/speakable/pdf/2026.speakable-1.13.pdf"
altamimi2017revisiting,"Al-Tamimi, J",2017,Revisiting acoustic correlates of pharyngealization in Jordanian and Moroccan Arabic: Implications for formal representations,"Laboratory Phonology, 8(1), 28",,10.5334/labphon.19,https://doi.org/10.5334/labphon.19,,3,high,"Al-Tamimi, J. (2017). Revisiting acoustic correlates of pharyngealization in Jordanian and Moroccan Arabic: Implications for formal representations. Laboratory Phonology, 8(1), 28. https://doi.org/10.5334/labphon.19"
alzabibi1990acoustic,"Al-Zabibi, M",1990,An acoustic-phonetic approach in automatic Arabic speech recognition,"Doctoral thesis, Loughborough University",,,https://hdl.handle.net/2134/6949,19 June 2026,1,high,"Al-Zabibi, M. (1990). An acoustic-phonetic approach in automatic Arabic speech recognition. Doctoral thesis, Loughborough University. https://hdl.handle.net/2134/6949 Accessed 19 June 2026."
alam2026oasis,"Alam, F., Shahroor, A. E., Hasan, M. A., Sheikh Ali, Z., Bhatti, H. H., Kmainasi, M. B., Chowdhury, S. A., Mousi, B., Dalvi, F., Durrani, N., & Milic-Frayling, N",2026,OASIS: A multilingual and multimodal dataset for culturally grounded spoken visual QA,"arXiv preprint arXiv:2510.06371 (v1 October 2025, revised May 2026; built with the EverydayMMQA framework)",,,https://arxiv.org/abs/2510.06371,7 August 2026,11;12,medium,"Alam, F., Shahroor, A. E., Hasan, M. A., Sheikh Ali, Z., Bhatti, H. H., Kmainasi, M. B., Chowdhury, S. A., Mousi, B., Dalvi, F., Durrani, N., & Milic-Frayling, N. (2026). OASIS: A multilingual and multimodal dataset for culturally grounded spoken visual QA. arXiv preprint arXiv:2510.06371 (v1 October 2025, revised May 2026; built with the EverydayMMQA framework). https://arxiv.org/abs/2510.06371 Accessed 7 August 2026."
aldallal2025sadeed,"Aldallal, Z., Chrouf, S., Hennara, K., Hamed, M. M., Hreden, M., & AlModhayan, S",2025,Sadeed: Advancing Arabic diacritization through small language model,arXiv preprint arXiv:2504.21635,,,https://arxiv.org/abs/2504.21635,,2;9,medium,"Aldallal, Z., Chrouf, S., Hennara, K., Hamed, M. M., Hreden, M., & AlModhayan, S. (2025). Sadeed: Advancing Arabic diacritization through small language model. arXiv preprint arXiv:2504.21635. https://arxiv.org/abs/2504.21635"
aldarmaki2023diacritic,"Aldarmaki, H., & Ghannam, A",2023,Diacritic recognition performance in Arabic ASR,Interspeech,361-365,10.21437/Interspeech.2023-2344,https://doi.org/10.21437/Interspeech.2023-2344,,2,high,"Aldarmaki, H., & Ghannam, A. (2023). Diacritic recognition performance in Arabic ASR. Interspeech, 361-365. https://doi.org/10.21437/Interspeech.2023-2344"
algabri2022mispronunc,"Algabri, M., Mathkour, H., Alsulaiman, M., & Bencherif, M. A",2022,Mispronunciation detection and diagnosis with articulatory-level feedback generation for non-native Arabic speech,"Mathematics, 10(15), 2727",,10.3390/math10152727,https://doi.org/10.3390/math10152727,,12,high,"Algabri, M., Mathkour, H., Alsulaiman, M., & Bencherif, M. A. (2022). Mispronunciation detection and diagnosis with articulatory-level feedback generation for non-native Arabic speech. Mathematics, 10(15), 2727. https://doi.org/10.3390/math10152727"
alghamdi2003kacst,"Alghamdi, M",2003,KACST Arabic phonetics database,"Proceedings of the 15th International Congress of Phonetic Sciences (ICPhS), Barcelona",3109-3112,,https://www.internationalphoneticassociation.org/icphs-proceedings/ICPhS2003/papers/p15_3109.pdf,26 July 2026,1;2;7,high,"Alghamdi, M. (2003). KACST Arabic phonetics database. Proceedings of the 15th International Congress of Phonetic Sciences (ICPhS), Barcelona, 3109-3112. https://www.internationalphoneticassociation.org/icphs-proceedings/ICPhS2003/papers/p15_3109.pdf Accessed 26 July 2026."
alghamdi2015arabic,"Alghamdi, M",2015,Arabic Phonetics and Phonology,"Al-Toubah Bookshop, Riyadh. (In Arabic)",,,https://mghamdi.me,19 June 2026,1;2,high,"Alghamdi, M. (2015). Arabic Phonetics and Phonology. Al-Toubah Bookshop, Riyadh. (In Arabic). https://mghamdi.me Accessed 19 June 2026."
alghamdi2008saudi,"Alghamdi, M., Alhargan, F., Alkanhal, M., Alkhairy, A., El-Desouki, M., & Alenazi, A",2008,Saudi accented Arabic voice bank,"Journal of King Saud University - Computer and Information Sciences, 20",45-64,10.1016/S1319-1578(08)80004-3,https://doi.org/10.1016/S1319-1578(08)80004-3,,1;7,high,"Alghamdi, M., Alhargan, F., Alkanhal, M., Alkhairy, A., El-Desouki, M., & Alenazi, A. (2008). Saudi accented Arabic voice bank. Journal of King Saud University - Computer and Information Sciences, 20, 45-64. https://doi.org/10.1016/S1319-1578(08)80004-3"
alghamdi2004arabic,"Alghamdi, M., Almuhtasib, H., & Elshafei, M",2004,Arabic phonological rules,"Journal of King Saud University - Computer and Information Sciences, 16",1-25,,https://mghamdi.me,19 June 2026,2,high,"Alghamdi, M., Almuhtasib, H., & Elshafei, M. (2004). Arabic phonological rules. Journal of King Saud University - Computer and Information Sciences, 16, 1-25. https://mghamdi.me Accessed 19 June 2026."
alharbi2024sada,"Alharbi, S., Alowisheq, A., Tüske, Z., Darwish, K., Alrajeh, A., Alrowithi, A., Bin Tamran, A., Ibrahim, A., Aloraini, R., Alnajim, R., Alkahtani, R., Almuasaad, R., Alrasheed, S., Alsubaie, S., & Alonaizan, Y",2024,SADA: Saudi Audio Dataset for Arabic,"IEEE International Conference on Acoustics, Speech and Signal Processing (ICASSP)",10286-10290,10.1109/ICASSP48485.2024.10446243,https://doi.org/10.1109/ICASSP48485.2024.10446243,,1;3;4;5;6;7;8;10;12,high,"Alharbi, S., Alowisheq, A., Tüske, Z., Darwish, K., Alrajeh, A., Alrowithi, A., Bin Tamran, A., Ibrahim, A., Aloraini, R., Alnajim, R., Alkahtani, R., Almuasaad, R., Alrasheed, S., Alsubaie, S., & Alonaizan, Y. (2024). SADA: Saudi Audio Dataset for Arabic. IEEE International Conference on Acoustics, Speech and Signal Processing (ICASSP), 10286-10290. https://doi.org/10.1109/ICASSP48485.2024.10446243"
alherran2026tadabur,"Alherran, F",2026,Tadabur: A large-scale Quran audio dataset,arXiv preprint arXiv:2604.18932,,,https://arxiv.org/abs/2604.18932,,9,medium,"Alherran, F. (2026). Tadabur: A large-scale Quran audio dataset. arXiv preprint arXiv:2604.18932. https://arxiv.org/abs/2604.18932"
ali2016challenge,"Ali, A., Bell, P., Glass, J., Messaoui, Y., Mubarak, H., Renals, S., & Zhang, Y",2016,The MGB-2 challenge: Arabic multi-dialect broadcast media recognition,IEEE Spoken Language Technology Workshop (SLT),279-284,10.1109/SLT.2016.7846277,https://doi.org/10.1109/SLT.2016.7846277,,1;2;3;4;5;6;7;8;10;14,high,"Ali, A., Bell, P., Glass, J., Messaoui, Y., Mubarak, H., Renals, S., & Zhang, Y. (2016). The MGB-2 challenge: Arabic multi-dialect broadcast media recognition. IEEE Spoken Language Technology Workshop (SLT), 279-284. https://doi.org/10.1109/SLT.2016.7846277"
ali2021connecting,"Ali, A., Chowdhury, S., Afify, M., El-Hajj, W., Hajj, H., Abbas, M., Hussein, A., Ghneim, N., Abushariah, M., & Alqudah, A",2021,Connecting Arabs: Bridging the gap in dialectal speech recognition,"Communications of the ACM, 64(4)",124-129,10.1145/3451150,https://doi.org/10.1145/3451150,,13,high,"Ali, A., Chowdhury, S., Afify, M., El-Hajj, W., Hajj, H., Abbas, M., Hussein, A., Ghneim, N., Abushariah, M., & Alqudah, A. (2021). Connecting Arabs: Bridging the gap in dialectal speech recognition. Communications of the ACM, 64(4), 124-129. https://doi.org/10.1145/3451150"
ali2019challenge,"Ali, A., Shon, S., Samih, Y., Mubarak, H., Abdelali, A., Glass, J., Renals, S., & Choukri, K",2019,The MGB-5 challenge: Recognition and dialect identification of dialectal Arabic speech,IEEE Automatic Speech Recognition and Understanding Workshop (ASRU),1026-1033,10.1109/ASRU46091.2019.9003960,https://doi.org/10.1109/ASRU46091.2019.9003960,,1;7,high,"Ali, A., Shon, S., Samih, Y., Mubarak, H., Abdelali, A., Glass, J., Renals, S., & Choukri, K. (2019). The MGB-5 challenge: Recognition and dialect identification of dialectal Arabic speech. IEEE Automatic Speech Recognition and Understanding Workshop (ASRU). https://doi.org/10.1109/ASRU46091.2019.9003960"
ali2017speech,"Ali, A., Vogel, S., & Renals, S",2017,Speech recognition challenge in the wild: Arabic MGB-3,IEEE Automatic Speech Recognition and Understanding Workshop (ASRU),316-322,10.1109/ASRU.2017.8268952,https://doi.org/10.1109/ASRU.2017.8268952,,1;7;8,high,"Ali, A., Vogel, S., & Renals, S. (2017). Speech recognition challenge in the wild: Arabic MGB-3. IEEE Automatic Speech Recognition and Understanding Workshop (ASRU). https://doi.org/10.1109/ASRU.2017.8268952"
alkadri2025arabic,"Alkadri, M., Desouki, D., & Al Jallad, K",2025,Arabic Little STT: Arabic children speech recognition dataset,arXiv preprint arXiv:2510.23319,,,https://arxiv.org/abs/2510.23319,9 August 2026,12,medium,"Alkadri, M., Desouki, D., & Al Jallad, K. (2025). Arabic Little STT: Arabic children speech recognition dataset. arXiv preprint arXiv:2510.23319. https://arxiv.org/abs/2510.23319 Accessed 9 August 2026."
alkanhal2023aswat,"Alkanhal, L., Alessa, A., Almahmoud, E., & Alaqil, R",2023,Aswat: Arabic audio dataset for automatic speech recognition using speech-representation learning,Proceedings of ArabicNLP 2023,120-127,10.18653/v1/2023.arabicnlp-1.10,https://doi.org/10.18653/v1/2023.arabicnlp-1.10,,6;7,high,"Alkanhal, L., Alessa, A., Almahmoud, E., & Alaqil, R. (2023). Aswat: Arabic audio dataset for automatic speech recognition using speech-representation learning. Proceedings of ArabicNLP 2023, 120-127. https://doi.org/10.18653/v1/2023.arabicnlp-1.10"
almosallam2013sassc,"Almosallam, I., Alkhalifa, A., Alghamdi, M., Alkanhal, M., & Alkhairy, A",2013,SASSC: A standard Arabic single speaker corpus,8th ISCA Workshop on Speech Synthesis (SSW),249-253,,https://www.isca-archive.org/ssw_2013/almosallam13_ssw.html,4 August 2026,9,high,"Almosallam, I., Alkhalifa, A., Alghamdi, M., Alkanhal, M., & Alkhairy, A. (2013). SASSC: A standard Arabic single speaker corpus. 8th ISCA Workshop on Speech Synthesis (SSW), 249-253. https://www.isca-archive.org/ssw_2013/almosallam13_ssw.html Accessed 4 August 2026."
alqadasi2023modern,"Alqadasi, A. M. A., Abdulghafor, R., Sunar, M. S., & Salam, M. S. B. H. J",2023,Modern Standard Arabic speech corpora: A systematic review,"IEEE Access, 11",55771-55796,10.1109/ACCESS.2023.3282259,https://doi.org/10.1109/ACCESS.2023.3282259,,7,high,"Alqadasi, A. M. A., Abdulghafor, R., Sunar, M. S., & Salam, M. S. B. H. J. (2023). Modern Standard Arabic speech corpora: A systematic review. IEEE Access, 11, 55771-55796. https://doi.org/10.1109/ACCESS.2023.3282259"
alqudah2024modern,"Alqudah, A. A., Alshraideh, M. A., Abushariah, M. A., & Sharieh, A. A",2024,Modern Standard Arabic speech disorders corpus for digital speech processing applications,"International Journal of Speech Technology, 27(1)",157-170,10.1007/s10772-024-10086-9,https://doi.org/10.1007/s10772-024-10086-9,,7,high,"Alqudah, A. A., Alshraideh, M. A., Abushariah, M. A., & Sharieh, A. A. (2024). Modern Standard Arabic speech disorders corpus for digital speech processing applications. International Journal of Speech Technology, 27(1), 157-170. https://doi.org/10.1007/s10772-024-10086-9"
alrashoudi2024native,"Alrashoudi, N., Al-Khalifa, H., & Alotaibi, Y. A",2024,L2-KSU Native and Non-Native Arabic Speech (LDC2024S11),"Linguistic Data Consortium, Philadelphia",,,https://catalog.ldc.upenn.edu/LDC2024S11,28 July 2026,7,high,"Alrashoudi, N., Al-Khalifa, H., & Alotaibi, Y. A. (2024). L2-KSU Native and Non-Native Arabic Speech (LDC2024S11). Linguistic Data Consortium, Philadelphia. https://catalog.ldc.upenn.edu/LDC2024S11 Accessed 28 July 2026."
alsulaiman2014king,"Alsulaiman, M., Muhammad, G., Bencherif, M. A., Mahmood, A., & Ali, Z",2014,King Saud University Arabic Speech Database (LDC2014S02),"Linguistic Data Consortium, Philadelphia",,,https://catalog.ldc.upenn.edu/LDC2014S02,28 July 2026,7,high,"Alsulaiman, M., Muhammad, G., Bencherif, M. A., Mahmood, A., & Ali, Z. (2014). King Saud University Arabic Speech Database (LDC2014S02). Linguistic Data Consortium, Philadelphia. https://catalog.ldc.upenn.edu/LDC2014S02 Accessed 28 July 2026."
amrouche2021balanced,"Amrouche, A., Abed, A., Ferrat, K., Boubakeur, K. N., Bentrcia, Y., & Falek, L",2021,Balanced Arabic corpus design for speech synthesis,"International Journal of Speech Technology, 24(3)",747-759,10.1007/s10772-021-09846-8,https://doi.org/10.1007/s10772-021-09846-8,,9,high,"Amrouche, A., Abed, A., Ferrat, K., Boubakeur, K. N., Bentrcia, Y., & Falek, L. (2021). Balanced Arabic corpus design for speech synthesis. International Journal of Speech Technology, 24(3), 747-759. https://doi.org/10.1007/s10772-021-09846-8"
aouf2019basic,"Aouf, A",2019,Basic Arabic Vocal Emotions Dataset (BAVED) [data set],GitHub,,,https://github.com/40uf411/Basic-Arabic-Vocal-Emotions-Dataset,30 July 2026,8,high,"Aouf, A. (2019). Basic Arabic Vocal Emotions Dataset (BAVED) [data set]. GitHub. https://github.com/40uf411/Basic-Arabic-Vocal-Emotions-Dataset Accessed 30 July 2026."
appen2006gulf,Appen Pty Ltd,2006,Gulf Arabic Conversational Telephone Speech (LDC2006S43),"Linguistic Data Consortium, Philadelphia",,,https://catalog.ldc.upenn.edu/LDC2006S43,28 July 2026,7,high,"Appen Pty Ltd. (2006). Gulf Arabic Conversational Telephone Speech (LDC2006S43). Linguistic Data Consortium, Philadelphia. https://catalog.ldc.upenn.edu/LDC2006S43 Accessed 28 July 2026."
appen2006iraqi,Appen Pty Ltd,2006,Iraqi Arabic Conversational Telephone Speech (LDC2006S45),"Linguistic Data Consortium, Philadelphia",,,https://catalog.ldc.upenn.edu/LDC2006S45,28 July 2026,7,high,"Appen Pty Ltd. (2006). Iraqi Arabic Conversational Telephone Speech (LDC2006S45). Linguistic Data Consortium, Philadelphia. https://catalog.ldc.upenn.edu/LDC2006S45 Accessed 28 July 2026."
ardila2020common,"Ardila, R., Branson, M., Davis, K., Kohler, M., Meyer, J., Henretty, M., Morais, R., Saunders, L., Tyers, F., & Weber, G",2020,Common Voice: A massively-multilingual speech corpus,LREC,4218-4222,,https://aclanthology.org/2020.lrec-1.520/,19 June 2026,1;2;3;5;6;7;14,high,"Ardila, R., Branson, M., Davis, K., Kohler, M., Meyer, J., Henretty, M., Morais, R., Saunders, L., Tyers, F., & Weber, G. (2020). Common Voice: A massively-multilingual speech corpus. LREC, 4218-4222. https://aclanthology.org/2020.lrec-1.520/ Accessed 19 June 2026."
arora2022espnet,"Arora, S., Dalmia, S., Denisov, P., Chang, X., Ueda, Y., Peng, Y., Zhang, Y., Kumar, S., Ganesan, K., Yan, B., Vu, N. T., Black, A. W., & Watanabe, S",2022,ESPnet-SLU: Advancing spoken language understanding through ESPnet,"IEEE International Conference on Acoustics, Speech and Signal Processing (ICASSP)",7167-7171,10.1109/ICASSP43922.2022.9747674,https://doi.org/10.1109/ICASSP43922.2022.9747674,,10,high,"Arora, S., Dalmia, S., Denisov, P., Chang, X., Ueda, Y., Peng, Y., Zhang, Y., Kumar, S., Ganesan, K., Yan, B., Vu, N. T., Black, A. W., & Watanabe, S. (2022). ESPnet-SLU: Advancing spoken language understanding through ESPnet. IEEE International Conference on Acoustics, Speech and Signal Processing (ICASSP), 7167-7171. https://doi.org/10.1109/ICASSP43922.2022.9747674"
atal1971speech,"Atal, B. S., & Hanauer, S. L",1971,Speech analysis and synthesis by linear prediction of the speech wave,"The Journal of the Acoustical Society of America, 50(2B)",637-655,10.1121/1.1912679,https://doi.org/10.1121/1.1912679,,3,high,"Atal, B. S., & Hanauer, S. L. (1971). Speech analysis and synthesis by linear prediction of the speech wave. The Journal of the Acoustical Society of America, 50(2B), 637-655. https://doi.org/10.1121/1.1912679"
awesome2026github,"Salah, O",2026,Awesome Arabic AI: A community-maintained list of Arabic artificial intelligence resources,GitHub,,,https://github.com/OmarSalah26/Awesome-Arabic-AI,11 August 2026,9,medium,"Salah, O. (2026). Awesome Arabic AI: A community-maintained list of Arabic artificial intelligence resources. GitHub. https://github.com/OmarSalah26/Awesome-Arabic-AI Accessed 11 August 2026."
baali2023arabic,"Baali, M., Almakky, I., Shehata, S., & Karray, F",2023,Arabic dysarthric speech recognition using adversarial and signal-based augmentation,Interspeech 2023,1558-1562,10.21437/Interspeech.2023-1541,https://doi.org/10.21437/Interspeech.2023-1541,,12,high,"Baali, M., Almakky, I., Shehata, S., & Karray, F. (2023). Arabic dysarthric speech recognition using adversarial and signal-based augmentation. Interspeech 2023, 1558-1562. https://doi.org/10.21437/Interspeech.2023-1541"
babu2022self,"Babu, A., Wang, C., Tjandra, A., Lakhotia, K., Xu, Q., Goyal, N., Singh, K., von Platen, P., Saraf, Y., Pino, J., Baevski, A., Conneau, A., & Auli, M",2022,XLS-R: Self-Supervised Cross-Lingual Speech Representation Learning at Scale,Interspeech,2278-2282,10.21437/Interspeech.2022-143,https://doi.org/10.21437/Interspeech.2022-143,,6;8,high,"Babu, A., Wang, C., Tjandra, A., Lakhotia, K., Xu, Q., Goyal, N., Singh, K., von Platen, P., Saraf, Y., Pino, J., Baevski, A., Conneau, A., & Auli, M. (2022). XLS-R: Self-Supervised Cross-Lingual Speech Representation Learning at Scale. Interspeech, 2278-2282. https://doi.org/10.21437/Interspeech.2022-143"
baevski2020framework,"Baevski, A., Zhou, Y., Mohamed, A., & Auli, M",2020,wav2vec 2.0: A Framework for Self-Supervised Learning of Speech Representations,"Advances in Neural Information Processing Systems 33 (NeurIPS), 12449-12460. arXiv:2006.11477",12449-12460,,https://arxiv.org/abs/2006.11477,10 August 2026,1;3;5;6;14,high,"Baevski, A., Zhou, Y., Mohamed, A., & Auli, M. (2020). wav2vec 2.0: A Framework for Self-Supervised Learning of Speech Representations. Advances in Neural Information Processing Systems 33 (NeurIPS), 12449-12460. arXiv:2006.11477. https://arxiv.org/abs/2006.11477"
bastianelli2020slurp,"Bastianelli, E., Vanzo, A., Swietojanski, P., & Rieser, V",2020,SLURP: A spoken language understanding resource package,Proceedings of the 2020 Conference on Empirical Methods in Natural Language Processing (EMNLP),7252-7262,10.18653/v1/2020.emnlp-main.588,https://doi.org/10.18653/v1/2020.emnlp-main.588,,10,high,"Bastianelli, E., Vanzo, A., Swietojanski, P., & Rieser, V. (2020). SLURP: A spoken language understanding resource package. Proceedings of the 2020 Conference on Empirical Methods in Natural Language Processing (EMNLP), 7252-7262. https://doi.org/10.18653/v1/2020.emnlp-main.588"
bencherif2026introducin,"Bencherif, M. A., Algabri, M., Alsulaiman, M. M., Muhammad, G., Al-Gahtani, S., Mekhtiche, M. A., Faisal, M., Albogamy, F., & Alfakih, T",2026,Introducing a nonnative Arabic speech corpus for CAPT: L2AraSpeech,"Language Resources and Evaluation, 60(3), article 45",,10.1007/s10579-026-09924-w,https://doi.org/10.1007/s10579-026-09924-w,,7,high,"Bencherif, M. A., Algabri, M., Alsulaiman, M. M., Muhammad, G., Al-Gahtani, S., Mekhtiche, M. A., Faisal, M., Albogamy, F., & Alfakih, T. (2026). Introducing a nonnative Arabic speech corpus for CAPT: L2AraSpeech. Language Resources and Evaluation, 60(3), article 45. https://doi.org/10.1007/s10579-026-09924-w"
bencherif2025araspeech,"Bencherif, M., Algabri, M., Alsulaiman, M., Muhammad, G., Al-Gahtani, S., Mekhtiche, M., Faisal, M., Albogamy, F., & Alfakih, T",2025,L2AraSpeech [Data set],IEEE Dataport,,10.21227/ma12-bz74,https://doi.org/10.21227/ma12-bz74,,12,high,"Bencherif, M., Algabri, M., Alsulaiman, M., Muhammad, G., Al-Gahtani, S., Mekhtiche, M., Faisal, M., Albogamy, F., & Alfakih, T. (2025). L2AraSpeech [Data set]. IEEE Dataport. https://doi.org/10.21227/ma12-bz74"
bender2018data,"Bender, E. M., & Friedman, B",2018,Data statements for natural language processing: Toward mitigating system bias and enabling better science,"Transactions of the Association for Computational Linguistics, 6",587-604,10.1162/tacl_a_00041,https://doi.org/10.1162/tacl_a_00041,,13,high,"Bender, E. M., & Friedman, B. (2018). Data statements for natural language processing: Toward mitigating system bias and enabling better science. Transactions of the Association for Computational Linguistics, 6, 587-604. https://doi.org/10.1162/tacl_a_00041"
bernard2021phonemizer,"Bernard, M., & Titeux, H",2021,Phonemizer: Text to phones transcription for multiple languages in Python,"Journal of Open Source Software, 6(68), 3958",,10.21105/joss.03958,https://doi.org/10.21105/joss.03958,,9,high,"Bernard, M., & Titeux, H. (2021). Phonemizer: Text to phones transcription for multiple languages in Python. Journal of Open Source Software, 6(68), 3958. https://doi.org/10.21105/joss.03958"
beukelman2013augmentati,"Beukelman, D. R., & Mirenda, P",2013,Augmentative and alternative communication: Supporting children and adults with complex communication needs (4th ed.),Paul H. Brookes Publishing,,,https://archive.org/details/augmentativealte0000beuk_4ed,9 August 2026,12,high,"Beukelman, D. R., & Mirenda, P. (2013). Augmentative and alternative communication: Supporting children and adults with complex communication needs (4th ed.). Paul H. Brookes Publishing. https://archive.org/details/augmentativealte0000beuk_4ed Accessed 9 August 2026."
bhatti2026multi,"Bhatti, H. H., Alam, F., & Chowdhury, S. A",2026,Multi-task instruction tuning via data scheduling for low-resource Arabic SpeechLLMs,arXiv:2601.12494,,,https://arxiv.org/abs/2601.12494,27 July 2026,1,medium,"Bhatti, H. H., Alam, F., & Chowdhury, S. A. (2026). Multi-task instruction tuning via data scheduling for low-resource Arabic SpeechLLMs. arXiv:2601.12494. https://arxiv.org/abs/2601.12494 Accessed 27 July 2026."
biadsy2009spoken,"Biadsy, F., Hirschberg, J., & Habash, N",2009,Spoken Arabic dialect identification using phonotactic modeling,EACL Workshop on Computational Approaches to Semitic Languages,53-61,,https://aclanthology.org/W09-0807/,19 June 2026,2;8,high,"Biadsy, F., Hirschberg, J., & Habash, N. (2009). Spoken Arabic dialect identification using phonotactic modeling. EACL Workshop on Computational Approaches to Semitic Languages, 53-61. https://aclanthology.org/W09-0807/ Accessed 19 June 2026."
bianco2022arabceleb,"Bianco, S., Celona, L., Khalifa, I., Napoletano, P., Petrovsky, A., Piccoli, F., Schettini, R., & Shanin, I",2022,ArabCeleb: Speaker recognition in Arabic,"AIxIA 2021: Advances in Artificial Intelligence, Lecture Notes in Computer Science 13196. Springer",338-347,10.1007/978-3-031-08421-8_23,https://doi.org/10.1007/978-3-031-08421-8_23,,1;7;8,high,"Bianco, S., Celona, L., Khalifa, I., Napoletano, P., Petrovsky, A., Piccoli, F., Schettini, R., & Shanin, I. (2022). ArabCeleb: Speaker recognition in Arabic. AIxIA 2021: Advances in Artificial Intelligence, Lecture Notes in Computer Science 13196. Springer. https://doi.org/10.1007/978-3-031-08421-8_23"
boersma2026praat,"Boersma, P., & Weenink, D",2026,"Praat: Doing phonetics by computer [computer program], version 6.4.67",,,,https://www.fon.hum.uva.nl/praat/,28 July 2026,7,medium,"Boersma, P., & Weenink, D. (2026). Praat: Doing phonetics by computer [computer program], version 6.4.67. https://www.fon.hum.uva.nl/praat/ Accessed 28 July 2026."
borsos2023audiolm,"Borsos, Z., Marinier, R., Vincent, D., Kharitonov, E., Pietquin, O., Sharifi, M., Roblek, D., Teboul, O., Grangier, D., Tagliasacchi, M., & Zeghidour, N",2023,AudioLM: A language modeling approach to audio generation,"IEEE/ACM Transactions on Audio, Speech, and Language Processing, 31",2523-2533,10.1109/TASLP.2023.3288409,https://doi.org/10.1109/TASLP.2023.3288409,,11,high,"Borsos, Z., Marinier, R., Vincent, D., Kharitonov, E., Pietquin, O., Sharifi, M., Roblek, D., Teboul, O., Grangier, D., Tagliasacchi, M., & Zeghidour, N. (2023). AudioLM: A language modeling approach to audio generation. IEEE/ACM Transactions on Audio, Speech, and Language Processing, 31, 2523-2533. https://doi.org/10.1109/TASLP.2023.3288409"
bouchakour2026enhancing,"Bouchakour, L., Lounnas, K., & Debyeche, M",2026,Enhancing robustness of Arabic speech recognition in noisy environments using advanced feature extraction and denoising techniques based on deep learning models,"Circuits, Systems, and Signal Processing, 45(6)",4646-4681,10.1007/s00034-025-03418-w,https://doi.org/10.1007/s00034-025-03418-w,,8,high,"Bouchakour, L., Lounnas, K., & Debyeche, M. (2026). Enhancing robustness of Arabic speech recognition in noisy environments using advanced feature extraction and denoising techniques based on deep learning models. Circuits, Systems, and Signal Processing, 45(6), 4646-4681. https://doi.org/10.1007/s00034-025-03418-w"
bougares2025tedxtn,"Bougares, F., Mdhaffar, S., Elleuch, H., & Estève, Y",2025,TEDxTN: A three-way speech translation corpus for code-switched Tunisian Arabic-English,Proceedings of the Third Arabic Natural Language Processing Conference (ArabicNLP),278-287,10.18653/v1/2025.arabicnlp-main.22,https://doi.org/10.18653/v1/2025.arabicnlp-main.22,,1;10,high,"Bougares, F., Mdhaffar, S., Elleuch, H., & Estève, Y. (2025). TEDxTN: A three-way speech translation corpus for code-switched Tunisian Arabic-English. Proceedings of the Third Arabic Natural Language Processing Conference (ArabicNLP). https://doi.org/10.18653/v1/2025.arabicnlp-main.22"
bredin2020pyannote,"Bredin, H., Yin, R., Coria, J. M., Gelly, G., Korshunov, P., Lavechin, M., Fustes, D., Titeux, H., Bouaziz, W., & Gill, M.-P",2020,pyannote.audio: Neural building blocks for speaker diarization,"IEEE International Conference on Acoustics, Speech and Signal Processing (ICASSP)",7124-7128,10.1109/ICASSP40776.2020.9052974,https://doi.org/10.1109/ICASSP40776.2020.9052974,,8,high,"Bredin, H., Yin, R., Coria, J. M., Gelly, G., Korshunov, P., Lavechin, M., Fustes, D., Titeux, H., Bouaziz, W., & Gill, M.-P. (2020). pyannote.audio: Neural building blocks for speaker diarization. IEEE International Conference on Acoustics, Speech and Signal Processing (ICASSP), 7124-7128. https://doi.org/10.1109/ICASSP40776.2020.9052974"
brown2020language,"Brown, T. B., Mann, B., Ryder, N., Subbiah, M., Kaplan, J., Dhariwal, P., Neelakantan, A., Shyam, P., Sastry, G., Askell, A., Agarwal, S., Herbert-Voss, A., Krueger, G., Henighan, T., Child, R., Ramesh, A., Ziegler, D. M., Wu, J., Winter, C., Hesse, C., Chen, M., Sigler, E., Litwin, M., Gray, S., Chess, B., Clark, J., Berner, C., McCandlish, S., Radford, A., Sutskever, I., & Amodei, D",2020,Language models are few-shot learners,Advances in Neural Information Processing Systems 33 (NeurIPS),1877-1901,,https://proceedings.neurips.cc/paper/2020/hash/1457c0d6bfcb4967418bfb8ac142f64a-Abstract.html,7 August 2026,11,high,"Brown, T. B., Mann, B., Ryder, N., Subbiah, M., Kaplan, J., Dhariwal, P., Neelakantan, A., Shyam, P., Sastry, G., Askell, A., Agarwal, S., Herbert-Voss, A., Krueger, G., Henighan, T., Child, R., Ramesh, A., Ziegler, D. M., Wu, J., Winter, C., Hesse, C., Chen, M., Sigler, E., Litwin, M., Gray, S., Chess, B., Clark, J., Berner, C., McCandlish, S., Radford, A., Sutskever, I., & Amodei, D. (2020). Language models are few-shot learners. Advances in Neural Information Processing Systems 33 (NeurIPS), 1877-1901. https://proceedings.neurips.cc/paper/2020/hash/1457c0d6bfcb4967418bfb8ac142f64a-Abstract.html Accessed 7 August 2026."
budzianowski2018multiwoz,"Budzianowski, P., Wen, T.-H., Tseng, B.-H., Casanueva, I., Ultes, S., Ramadan, O., & Gašić, M",2018,MultiWOZ: A large-scale multi-domain wizard-of-Oz dataset for task-oriented dialogue modelling,Proceedings of the 2018 Conference on Empirical Methods in Natural Language Processing (EMNLP),5016-5026,10.18653/v1/D18-1547,https://doi.org/10.18653/v1/D18-1547,,10,high,"Budzianowski, P., Wen, T.-H., Tseng, B.-H., Casanueva, I., Ultes, S., Ramadan, O., & Gašić, M. (2018). MultiWOZ: A large-scale multi-domain wizard-of-Oz dataset for task-oriented dialogue modelling. Proceedings of the 2018 Conference on Empirical Methods in Natural Language Processing (EMNLP), 5016-5026. https://doi.org/10.18653/v1/D18-1547"
berard2016listen,"Bérard, A., Pietquin, O., Servan, C., & Besacier, L",2016,Listen and translate: A proof of concept for end-to-end speech-to-text translation,NIPS 2016 Workshop on End-to-End Learning for Speech and Audio Processing. arXiv preprint arXiv:1612.01744,,,https://arxiv.org/abs/1612.01744,,10,high,"Bérard, A., Pietquin, O., Servan, C., & Besacier, L. (2016). Listen and translate: A proof of concept for end-to-end speech-to-text translation. NIPS 2016 Workshop on End-to-End Learning for Speech and Audio Processing. arXiv preprint arXiv:1612.01744. https://arxiv.org/abs/1612.01744"
canavan1997callhome,"Canavan, A., Zipperlen, G., & Graff, D",1997,CALLHOME Egyptian Arabic Speech (LDC97S45),"Linguistic Data Consortium, Philadelphia",,,https://catalog.ldc.upenn.edu/LDC97S45,26 July 2026,1;7,high,"Canavan, A., Zipperlen, G., & Graff, D. (1997). CALLHOME Egyptian Arabic Speech (LDC97S45). Linguistic Data Consortium, Philadelphia. https://catalog.ldc.upenn.edu/LDC97S45 Accessed 26 July 2026."
carlini2018audio,"Carlini, N., & Wagner, D",2018,Audio adversarial examples: Targeted attacks on speech-to-text,2018 IEEE Security and Privacy Workshops (SPW),1-7,10.1109/SPW.2018.00009,https://doi.org/10.1109/SPW.2018.00009,,13,high,"Carlini, N., & Wagner, D. (2018). Audio adversarial examples: Targeted attacks on speech-to-text. 2018 IEEE Security and Privacy Workshops (SPW), 1-7. https://doi.org/10.1109/SPW.2018.00009"
chan2016listen,"Chan, W., Jaitly, N., Le, Q., & Vinyals, O",2016,"Listen, attend and spell: A neural network for large vocabulary conversational speech recognition","IEEE International Conference on Acoustics, Speech and Signal Processing (ICASSP)",4960-4964,10.1109/ICASSP.2016.7472621,https://doi.org/10.1109/ICASSP.2016.7472621,,1;5,high,"Chan, W., Jaitly, N., Le, Q., & Vinyals, O. (2016). Listen, attend and spell: A neural network for large vocabulary conversational speech recognition. IEEE International Conference on Acoustics, Speech and Signal Processing (ICASSP). https://doi.org/10.1109/ICASSP.2016.7472621"
chemnad2023advancemen,"Chemnad, K., & Othman, A",2023,Advancements in Arabic text-to-speech systems: A 22-year literature review,"IEEE Access, 11",30929-30954,10.1109/ACCESS.2023.3260844,https://doi.org/10.1109/ACCESS.2023.3260844,,9,high,"Chemnad, K., & Othman, A. (2023). Advancements in Arabic text-to-speech systems: A 22-year literature review. IEEE Access, 11, 30929-30954. https://doi.org/10.1109/ACCESS.2023.3260844"
chen2022wavlm,"Chen, S., Wang, C., Chen, Z., Wu, Y., Liu, S., Chen, Z., Li, J., Kanda, N., Yoshioka, T., Xiao, X., Wu, J., Zhou, L., Ren, S., Qian, Y., Qian, Y., Wu, J., Zeng, M., Yu, X., & Wei, F",2022,WavLM: Large-Scale Self-Supervised Pre-Training for Full Stack Speech Processing,"IEEE Journal of Selected Topics in Signal Processing, 16(6)",1505-1518,10.1109/JSTSP.2022.3188113,https://doi.org/10.1109/JSTSP.2022.3188113,,3;6,high,"Chen, S., Wang, C., Chen, Z., Wu, Y., Liu, S., Chen, Z., Li, J., Kanda, N., Yoshioka, T., Xiao, X., Wu, J., Zhou, L., Ren, S., Qian, Y., Qian, Y., Wu, J., Zeng, M., Yu, X., & Wei, F. (2022). WavLM: Large-Scale Self-Supervised Pre-Training for Full Stack Speech Processing. IEEE Journal of Selected Topics in Signal Processing, 16(6), 1505-1518. https://doi.org/10.1109/JSTSP.2022.3188113"
chen2026habibi,"Chen, Y., Liu, J., Tu, Y., Niu, Z., Liang, Y., Qiang, C., Zhang, C., Yu, K., & Chen, X",2026,Habibi: Laying the open-source foundation of unified-dialectal Arabic speech synthesis,arXiv preprint arXiv:2601.13802,,,https://arxiv.org/abs/2601.13802,,7,medium,"Chen, Y., Liu, J., Tu, Y., Niu, Z., Liang, Y., Qiang, C., Zhang, C., Yu, K., & Chen, X. (2026). Habibi: Laying the open-source foundation of unified-dialectal Arabic speech synthesis. arXiv preprint arXiv:2601.13802. https://arxiv.org/abs/2601.13802"
cho2014learning,"Cho, K., van Merrienboer, B., Gulcehre, C., Bahdanau, D., Bougares, F., Schwenk, H., & Bengio, Y",2014,Learning Phrase Representations using RNN Encoder-Decoder for Statistical Machine Translation,Proceedings of the 2014 Conference on Empirical Methods in Natural Language Processing (EMNLP),1724-1734,10.3115/v1/D14-1179,https://doi.org/10.3115/v1/D14-1179,,4,high,"Cho, K., van Merrienboer, B., Gulcehre, C., Bahdanau, D., Bougares, F., Schwenk, H., & Bengio, Y. (2014). Learning Phrase Representations using RNN Encoder-Decoder for Statistical Machine Translation. Proceedings of the 2014 Conference on Empirical Methods in Natural Language Processing (EMNLP), 1724-1734. https://doi.org/10.3115/v1/D14-1179"
chowdhury2020effects,"Chowdhury, S. A., Samih, Y., Eldesouki, M., & Ali, A",2020,Effects of dialectal code-switching on speech modules: A study using Egyptian Arabic broadcast speech,Interspeech,2382-2386,10.21437/Interspeech.2020-2271,https://doi.org/10.21437/Interspeech.2020-2271,,8,high,"Chowdhury, S. A., Samih, Y., Eldesouki, M., & Ali, A. (2020). Effects of dialectal code-switching on speech modules: A study using Egyptian Arabic broadcast speech. Interspeech, 2382-2386. https://doi.org/10.21437/Interspeech.2020-2271"
chu2024qwen,"Chu, Y., Xu, J., Yang, Q., Wei, H., Wei, X., Guo, Z., Leng, Y., Lv, Y., He, J., Lin, J., Zhou, C., & Zhou, J",2024,Qwen2-Audio technical report,arXiv preprint arXiv:2407.10759,,,https://arxiv.org/abs/2407.10759,,11,medium,"Chu, Y., Xu, J., Yang, Q., Wei, H., Wei, X., Guo, Z., Leng, Y., Lv, Y., He, J., Lin, J., Zhou, C., & Zhou, J. (2024). Qwen2-Audio technical report. arXiv preprint arXiv:2407.10759. https://arxiv.org/abs/2407.10759"
cieri2004fisher,"Cieri, C., Miller, D., & Walker, K",2004,The Fisher corpus: A resource for the next generations of speech-to-text,Proceedings of the Fourth International Conference on Language Resources and Evaluation (LREC),,,https://aclanthology.org/L04-1500/,28 July 2026,7,high,"Cieri, C., Miller, D., & Walker, K. (2004). The Fisher corpus: A resource for the next generations of speech-to-text. Proceedings of the Fourth International Conference on Language Resources and Evaluation (LREC). https://aclanthology.org/L04-1500/ Accessed 28 July 2026."
cohen1960coefficien,"Cohen, J",1960,A coefficient of agreement for nominal scales,"Educational and Psychological Measurement, 20(1)",37-46,10.1177/001316446002000104,https://doi.org/10.1177/001316446002000104,,7,high,"Cohen, J. (1960). A coefficient of agreement for nominal scales. Educational and Psychological Measurement, 20(1), 37-46. https://doi.org/10.1177/001316446002000104"
conneau2023fleurs,"Conneau, A., Ma, M., Khanuja, S., Zhang, Y., Axelrod, V., Dalmia, S., Riesa, J., Rivera, C., & Bapna, A",2023,FLEURS: Few-shot learning evaluation of universal representations of speech,IEEE Spoken Language Technology Workshop (SLT),798-805,10.1109/SLT54892.2023.10023141,https://doi.org/10.1109/SLT54892.2023.10023141,,6;7,high,"Conneau, A., Ma, M., Khanuja, S., Zhang, Y., Axelrod, V., Dalmia, S., Riesa, J., Rivera, C., & Bapna, A. (2023). FLEURS: Few-shot learning evaluation of universal representations of speech. IEEE Spoken Language Technology Workshop (SLT), 798-805. https://doi.org/10.1109/SLT54892.2023.10023141"
costajussa2025belebele,"Costa-jussà, M. R., Yu, B., Andrews, P., Alastruey, B., Camgoz, N. C., Chuang, J., Maillard, J., Ropers, C., Turkatenko, A., & Wood, C",2025,2M-Belebele: Highly multilingual speech and American Sign Language comprehension dataset,Findings of the Association for Computational Linguistics: ACL 2025,10893-10904,,https://aclanthology.org/2025.findings-acl.569/,29 July 2026,7,high,"Costa-jussà, M. R., Yu, B., Andrews, P., Alastruey, B., Camgoz, N. C., Chuang, J., Maillard, J., Ropers, C., Turkatenko, A., & Wood, C. (2025). 2M-Belebele: Highly multilingual speech and American Sign Language comprehension dataset. Findings of the Association for Computational Linguistics: ACL 2025, 10893-10904. https://aclanthology.org/2025.findings-acl.569/ Accessed 29 July 2026."
cui2025recent,"Cui, W., Yu, D., Jiao, X., Meng, Z., Zhang, G., Wang, Q., Guo, S. Y., & King, I",2025,Recent advances in speech language models: A survey,Proceedings of the 63rd Annual Meeting of the Association for Computational Linguistics (Volume 1: Long Papers),13943-13970,10.18653/v1/2025.acl-long.682,https://doi.org/10.18653/v1/2025.acl-long.682,,1;11,high,"Cui, W., Yu, D., Jiao, X., Meng, Z., Zhang, G., Wang, Q., Guo, S. Y., & King, I. (2025). Recent advances in speech language models: A survey. Proceedings of the 63rd Annual Meeting of the Association for Computational Linguistics (Volume 1: Long Papers), 13943-13970. https://doi.org/10.18653/v1/2025.acl-long.682"
darwish2021arabic,"Darwish, K., Abdelali, A., Mubarak, H., & Eldesouki, M",2021,Arabic diacritic recovery using a feature-rich biLSTM model,"ACM Transactions on Asian and Low-Resource Language Information Processing, 20(2)",,10.1145/3434235,https://doi.org/10.1145/3434235,,2;9,high,"Darwish, K., Abdelali, A., Mubarak, H., & Eldesouki, M. (2021). Arabic diacritic recovery using a feature-rich biLSTM model. ACM Transactions on Asian and Low-Resource Language Information Processing, 20(2). https://doi.org/10.1145/3434235"
darwish2018diacritiza,"Darwish, K., Abdelali, A., Mubarak, H., Samih, Y., & Attia, M",2018,Diacritization of Moroccan and Tunisian Arabic dialects: A CRF approach,"Proceedings of the 3rd Workshop on Open-Source Arabic Corpora and Processing Tools (OSACT3), LREC 2018, Miyazaki, Japan.  Accessed 27 July 2026. Archived at",,,https://web.archive.org/web/20250701152735/http://lrec-conf.org/workshops/lrec2018/W30/pdf/20_W30.pdf,,2,high,"Darwish, K., Abdelali, A., Mubarak, H., Samih, Y., & Attia, M. (2018). Diacritization of Moroccan and Tunisian Arabic dialects: A CRF approach. Proceedings of the 3rd Workshop on Open-Source Arabic Corpora and Processing Tools (OSACT3), LREC 2018, Miyazaki, Japan. http://lrec-conf.org/workshops/lrec2018/W30/pdf/20_W30.pdf Accessed 27 July 2026. Archived at https://web.archive.org/web/20250701152735/http://lrec-conf.org/workshops/lrec2018/W30/pdf/20_W30.pdf"
davis1980comparison,"Davis, S., & Mermelstein, P",1980,Comparison of parametric representations for monosyllabic word recognition in continuously spoken sentences,"IEEE Transactions on Acoustics, Speech, and Signal Processing, 28(4)",357-366,10.1109/TASSP.1980.1163420,https://doi.org/10.1109/TASSP.1980.1163420,,3,high,"Davis, S., & Mermelstein, P. (1980). Comparison of parametric representations for monosyllabic word recognition in continuously spoken sentences. IEEE Transactions on Acoustics, Speech, and Signal Processing, 28(4), 357-366. https://doi.org/10.1109/TASSP.1980.1163420"
dehak2011front,"Dehak, N., Kenny, P. J., Dehak, R., Dumouchel, P., & Ouellet, P",2011,Front-end factor analysis for speaker verification,"IEEE Transactions on Audio, Speech, and Language Processing, 19(4)",788-798,10.1109/TASL.2010.2064307,https://doi.org/10.1109/TASL.2010.2064307,,8,high,"Dehak, N., Kenny, P. J., Dehak, R., Dumouchel, P., & Ouellet, P. (2011). Front-end factor analysis for speaker verification. IEEE Transactions on Audio, Speech, and Language Processing, 19(4), 788-798. https://doi.org/10.1109/TASL.2010.2064307"
desplanques2020ecapa,"Desplanques, B., Thienpondt, J., & Demuynck, K",2020,"ECAPA-TDNN: Emphasized channel attention, propagation and aggregation in TDNN based speaker verification",Interspeech,3830-3834,10.21437/Interspeech.2020-2650,https://doi.org/10.21437/Interspeech.2020-2650,,8,high,"Desplanques, B., Thienpondt, J., & Demuynck, K. (2020). ECAPA-TDNN: Emphasized channel attention, propagation and aggregation in TDNN based speaker verification. Interspeech, 3830-3834. https://doi.org/10.21437/Interspeech.2020-2650"
dhouib2022arabic,"Dhouib, A., Othman, A., El Ghoul, O., Khribi, M. K., & Al Sinani, A",2022,Arabic automatic speech recognition: A systematic literature review,"Applied Sciences, 12(17), 8898",,10.3390/app12178898,https://doi.org/10.3390/app12178898,,1,high,"Dhouib, A., Othman, A., El Ghoul, O., Khribi, M. K., & Al Sinani, A. (2022). Arabic automatic speech recognition: A systematic literature review. Applied Sciences, 12(17), 8898. https://doi.org/10.3390/app12178898"
djanibekov2025dialectal,"Djanibekov, A., Toyin, H. O., Alshalan, R., Alatir, A., & Aldarmaki, H",2025,Dialectal coverage and generalization in Arabic speech recognition,Proceedings of the 63rd Annual Meeting of the Association for Computational Linguistics (Volume 1: Long Papers),29490-29502,10.18653/v1/2025.acl-long.1427,https://doi.org/10.18653/v1/2025.acl-long.1427,,13,high,"Djanibekov, A., Toyin, H. O., Alshalan, R., Alatir, A., & Aldarmaki, H. (2025). Dialectal coverage and generalization in Arabic speech recognition. Proceedings of the 63rd Annual Meeting of the Association for Computational Linguistics (Volume 1: Long Papers), 29490-29502. https://doi.org/10.18653/v1/2025.acl-long.1427"
doan2024towards,"Doan, K., Waheed, A., & Abdul-Mageed, M",2024,Towards zero-shot text-to-speech for Arabic dialects,Proceedings of the Second Arabic Natural Language Processing Conference (ArabicNLP),123-129,10.18653/v1/2024.arabicnlp-1.11,https://doi.org/10.18653/v1/2024.arabicnlp-1.11,,9,high,"Doan, K., Waheed, A., & Abdul-Mageed, M. (2024). Towards zero-shot text-to-speech for Arabic dialects. Proceedings of the Second Arabic Natural Language Processing Conference (ArabicNLP), 123-129. https://doi.org/10.18653/v1/2024.arabicnlp-1.11"
defossez2023high,"Défossez, A., Copet, J., Synnaeve, G., & Adi, Y",2023,High fidelity neural audio compression,Transactions on Machine Learning Research,,,https://openreview.net/forum?id=ivCd8z8zR2,7 August 2026,11,high,"Défossez, A., Copet, J., Synnaeve, G., & Adi, Y. (2023). High fidelity neural audio compression. Transactions on Machine Learning Research. https://openreview.net/forum?id=ivCd8z8zR2 Accessed 7 August 2026."
defossez2024moshi,"Défossez, A., Mazaré, L., Orsini, M., Royer, A., Pérez, P., Jégou, H., Grave, E., & Zeghidour, N",2024,Moshi: A speech-text foundation model for real-time dialogue,arXiv preprint arXiv:2410.00037,,,https://arxiv.org/abs/2410.00037,,11,medium,"Défossez, A., Mazaré, L., Orsini, M., Royer, A., Pérez, P., Jégou, H., Grave, E., & Zeghidour, N. (2024). Moshi: A speech-text foundation model for real-time dialogue. arXiv preprint arXiv:2410.00037. https://arxiv.org/abs/2410.00037"
elleuch2025arabic,"Elleuch, H., Mdhaffar, S., Estève, Y., & Bougares, F",2025,ADI-20: Arabic dialect identification dataset and models,Interspeech,2775-2779,10.21437/Interspeech.2025-884,https://doi.org/10.21437/Interspeech.2025-884,,8,high,"Elleuch, H., Mdhaffar, S., Estève, Y., & Bougares, F. (2025). ADI-20: Arabic dialect identification dataset and models. Interspeech, 2775-2779. https://doi.org/10.21437/Interspeech.2025-884"
elsetohy2026arfake,"Elsetohy, M., Ehab, A., Mekky, A., Hassan, B., & Shehata, S",2026,ArFake: A robust framework for multi-dialect Arabic speech spoofing detection benchmark,"arXiv preprint arXiv:2509.22808 (v1 September 2025, revised June 2026)",,,https://arxiv.org/abs/2509.22808,10 August 2026,13,medium,"Elsetohy, M., Ehab, A., Mekky, A., Hassan, B., & Shehata, S. (2026). ArFake: A robust framework for multi-dialect Arabic speech spoofing detection benchmark. arXiv preprint arXiv:2509.22808, revised June 2026. https://arxiv.org/abs/2509.22808 Accessed 10 August 2026."
elshafei1991toward,"Elshafei Ahmed, M",1991,Toward an Arabic text-to-speech system,"The Arabian Journal for Science and Engineering, 16(4B)",565-583,,,,1,high,"Elshafei Ahmed, M. (1991). Toward an Arabic text-to-speech system. The Arabian Journal for Science and Engineering, 16(4B), 565-583."
elshafei2002techniques,"Elshafei, M., Al-Muhtaseb, H., & Al-Ghamdi, M",2002,Techniques for high quality Arabic speech synthesis,"Information Sciences, 140(3-4)",255-267,10.1016/S0020-0255(01)00175-X,https://doi.org/10.1016/S0020-0255(01)00175-X,,9,high,"Elshafei, M., Al-Muhtaseb, H., & Al-Ghamdi, M. (2002). Techniques for high quality Arabic speech synthesis. Information Sciences, 140(3-4), 255-267. https://doi.org/10.1016/S0020-0255(01)00175-X"
eskenazi2009overview,"Eskenazi, M",2009,An overview of spoken language technology for education,"Speech Communication, 51(10)",832-844,10.1016/j.specom.2009.04.005,https://doi.org/10.1016/j.specom.2009.04.005,,12,high,"Eskenazi, M. (2009). An overview of spoken language technology for education. Speech Communication, 51(10), 832-844. https://doi.org/10.1016/j.specom.2009.04.005"
fanar2026fanar,Fanar Team,2026,Fanar 2.0: Arabic generative AI stack,arXiv preprint arXiv:2603.16397,,,https://arxiv.org/abs/2603.16397,,11,medium,Fanar Team. (2026). Fanar 2.0: Arabic generative AI stack. arXiv preprint arXiv:2603.16397. https://arxiv.org/abs/2603.16397
farhan2021sparta,"Farhan, W., Za’ter, M. E., Abu Obaidah, Q., al Bataineh, H., Sober, Z., & Al-Natsheh, H. T",2021,SPARTA: Speaker profiling for ARabic TAlk,28th Conference of Open Innovations Association (FRUCT),103-110,10.23919/FRUCT50888.2021.9347615,https://doi.org/10.23919/FRUCT50888.2021.9347615,,1;8,high,"Farhan, W., Za’ter, M. E., Abu Obaidah, Q., al Bataineh, H., Sober, Z., & Al-Natsheh, H. T. (2021). SPARTA: Speaker profiling for ARabic TAlk. 28th Conference of Open Innovations Association (FRUCT). https://doi.org/10.23919/FRUCT50888.2021.9347615"
federico2020from,"Federico, M., Enyedi, R., Barra-Chicote, R., Giri, R., Isik, U., Krishnaswamy, A., & Sawaf, H",2020,From speech-to-speech translation to automatic dubbing,Proceedings of the 17th International Conference on Spoken Language Translation,257-264,,https://aclanthology.org/2020.iwslt-1.31/,10 August 2026,12,high,"Federico, M., Enyedi, R., Barra-Chicote, R., Giri, R., Isik, U., Krishnaswamy, A., & Sawaf, H. (2020). From speech-to-speech translation to automatic dubbing. Proceedings of the 17th International Conference on Spoken Language Translation, 257-264. https://aclanthology.org/2020.iwslt-1.31/ Accessed 10 August 2026."
feng2026voxlect,"Feng, T., Huang, K., Xu, A., Shi, X., Lertpetchpun, T., Lee, J., Lee, Y., Byrd, D., & Narayanan, S",2026,Voxlect: A speech foundation model benchmark for modeling dialects and regional languages around the globe,Proceedings of the 32nd ACM SIGKDD Conference on Knowledge Discovery and Data Mining V.1,2640-2651,10.1145/3770854.3785687,https://doi.org/10.1145/3770854.3785687,,13,high,"Feng, T., Huang, K., Xu, A., Shi, X., Lertpetchpun, T., Lee, J., Lee, Y., Byrd, D., & Narayanan, S. (2026). Voxlect: A speech foundation model benchmark for modeling dialects and regional languages around the globe. Proceedings of the 32nd ACM SIGKDD Conference on Knowledge Discovery and Data Mining V.1, 2640-2651. https://doi.org/10.1145/3770854.3785687"
ferguson1959diglossia,"Ferguson, C. A",1959,Diglossia,"Word, 15(2)",325-340,10.1080/00437956.1959.11659702,https://doi.org/10.1080/00437956.1959.11659702,,1;2,high,"Ferguson, C. A. (1959). Diglossia. Word, 15(2), 325-340. https://doi.org/10.1080/00437956.1959.11659702"
fiscus2007results,"Fiscus, J. G., Ajot, J., Garofolo, J. S., & Doddington, G",2007,Results of the 2006 spoken term detection evaluation,Proceedings of the SIGIR 2007 Workshop on Searching Spontaneous Conversational Speech,51-57,,https://www.nist.gov/publications/results-2006-spoken-term-detection-evaluation,30 July 2026,8,high,"Fiscus, J. G., Ajot, J., Garofolo, J. S., & Doddington, G. (2007). Results of the 2006 spoken term detection evaluation. Proceedings of the SIGIR 2007 Workshop on Searching Spontaneous Conversational Speech, 51-57. https://www.nist.gov/publications/results-2006-spoken-term-detection-evaluation Accessed 30 July 2026."
fitzgerald2023massive,"FitzGerald, J., Hench, C., Peris, C., Mackie, S., Rottmann, K., Sanchez, A., Nash, A., Urbach, L., Kakarala, V., Singh, R., Ranganath, S., Crist, L., Britan, M., Leeuwis, W., Tur, G., & Natarajan, P",2023,MASSIVE: A 1M-example multilingual natural language understanding dataset with 51 typologically-diverse languages,Proceedings of the 61st Annual Meeting of the Association for Computational Linguistics (ACL),4277-4302,10.18653/v1/2023.acl-long.235,https://doi.org/10.18653/v1/2023.acl-long.235,,10,high,"FitzGerald, J., Hench, C., Peris, C., Mackie, S., Rottmann, K., Sanchez, A., Nash, A., Urbach, L., Kakarala, V., Singh, R., Ranganath, S., Crist, L., Britan, M., Leeuwis, W., Tur, G., & Natarajan, P. (2023). MASSIVE: A 1M-example multilingual natural language understanding dataset with 51 typologically-diverse languages. Proceedings of the 61st Annual Meeting of the Association for Computational Linguistics (ACL), 4277-4302. https://doi.org/10.18653/v1/2023.acl-long.235"
fleiss1971measuring,"Fleiss, J. L",1971,Measuring nominal scale agreement among many raters,"Psychological Bulletin, 76(5)",378-382,10.1037/h0031619,https://doi.org/10.1037/h0031619,,7,high,"Fleiss, J. L. (1971). Measuring nominal scale agreement among many raters. Psychological Bulletin, 76(5), 378-382. https://doi.org/10.1037/h0031619"
fujita2019neural,"Fujita, Y., Kanda, N., Horiguchi, S., Nagamatsu, K., & Watanabe, S",2019,End-to-end neural speaker diarization with permutation-free objectives,Interspeech,4300-4304,10.21437/Interspeech.2019-2899,https://doi.org/10.21437/Interspeech.2019-2899,,8,high,"Fujita, Y., Kanda, N., Horiguchi, S., Nagamatsu, K., & Watanabe, S. (2019). End-to-end neural speaker diarization with permutation-free objectives. Interspeech, 4300-4304. https://doi.org/10.21437/Interspeech.2019-2899"
gales2008applicatio,"Gales, M., & Young, S",2008,The Application of Hidden Markov Models in Speech Recognition,"Foundations and Trends in Signal Processing, 1(3)",195-304,10.1561/2000000004,https://doi.org/10.1561/2000000004,,4,high,"Gales, M., & Young, S. (2008). The Application of Hidden Markov Models in Speech Recognition. Foundations and Trends in Signal Processing, 1(3), 195-304. https://doi.org/10.1561/2000000004"
gebru2021datasheets,"Gebru, T., Morgenstern, J., Vecchione, B., Vaughan, J. W., Wallach, H., Daumé III, H., & Crawford, K",2021,Datasheets for datasets,"Communications of the ACM, 64(12)",86-92,10.1145/3458723,https://doi.org/10.1145/3458723,,7;14,high,"Gebru, T., Morgenstern, J., Vecchione, B., Vaughan, J. W., Wallach, H., Daumé III, H., & Crawford, K. (2021). Datasheets for datasets. Communications of the ACM, 64(12), 86-92. https://doi.org/10.1145/3458723"
gerazov2026arabic,"Gerazov, B., Politi, M., & Bratières, S",2026,Arabic ASR on the SADA large-scale Arabic speech corpus with transformer-based models,"Speech and Computer. Lecture Notes in Computer Science, 16188",70-84,10.1007/978-3-032-07959-6_6,https://doi.org/10.1007/978-3-032-07959-6_6,,8,high,"Gerazov, B., Politi, M., & Bratières, S. (2026). Arabic ASR on the SADA large-scale Arabic speech corpus with transformer-based models. Speech and Computer. Lecture Notes in Computer Science, 16188, 70-84. https://doi.org/10.1007/978-3-032-07959-6_6"
ghobain2017dubbing,"Ghobain, E. A",2017,Dubbing melodramas in the Arab world; Between the standard language and colloquial dialects,"Arabic Language, Literature & Culture, 2(3)",49-59,10.11648/j.allc.20170203.11,https://doi.org/10.11648/j.allc.20170203.11,,12,high,"Ghobain, E. A. (2017). Dubbing melodramas in the Arab world; Between the standard language and colloquial dialects. Arabic Language, Literature & Culture, 2(3), 49-59. https://doi.org/10.11648/j.allc.20170203.11"
google2026speech,Google,2026,Speech generation: supported languages,Gemini API developer documentation,,,https://ai.google.dev/gemini-api/docs/speech-generation,11 August 2026,9,high,Google. (2026). Speech generation: supported languages. Gemini API developer documentation. https://ai.google.dev/gemini-api/docs/speech-generation Accessed 11 August 2026.
graves2012sequence,"Graves, A",2012,Sequence transduction with recurrent neural networks,arXiv:1211.3711,,,https://arxiv.org/abs/1211.3711,,1;5,medium,"Graves, A. (2012). Sequence transduction with recurrent neural networks. arXiv:1211.3711. https://arxiv.org/abs/1211.3711"
graves2006connection,"Graves, A., Fernández, S., Gomez, F., & Schmidhuber, J",2006,Connectionist temporal classification: labelling unsegmented sequence data with recurrent neural networks,ICML,369-376,10.1145/1143844.1143891,https://doi.org/10.1145/1143844.1143891,,1;2;5,high,"Graves, A., Fernández, S., Gomez, F., & Schmidhuber, J. (2006). Connectionist temporal classification: labelling unsegmented sequence data with recurrent neural networks. ICML. https://doi.org/10.1145/1143844.1143891"
grigoryan2025open,"Grigoryan, L., Karpov, N., Albasiri, E., Lavrukhin, V., & Ginsburg, B",2025,Open automatic speech recognition models for Classical and Modern Standard Arabic,arXiv:2507.13977,,,https://arxiv.org/abs/2507.13977,,6,medium,"Grigoryan, L., Karpov, N., Albasiri, E., Lavrukhin, V., & Ginsburg, B. (2025). Open automatic speech recognition models for Classical and Modern Standard Arabic. arXiv:2507.13977. https://arxiv.org/abs/2507.13977"
guellil2021arabic,"Guellil, I., Saâdane, H., Azouaou, F., Gueni, B., & Nouvel, D",2021,Arabic natural language processing: An overview,"Journal of King Saud University - Computer and Information Sciences, 33(5)",497-507,10.1016/j.jksuci.2019.02.006,https://doi.org/10.1016/j.jksuci.2019.02.006,,2,high,"Guellil, I., Saâdane, H., Azouaou, F., Gueni, B., & Nouvel, D. (2021). Arabic natural language processing: An overview. Journal of King Saud University - Computer and Information Sciences, 33(5), 497-507. https://doi.org/10.1016/j.jksuci.2019.02.006"
gulati2020conformer,"Gulati, A., Qin, J., Chiu, C.-C., Parmar, N., Zhang, Y., Yu, J., Han, W., Wang, S., Zhang, Z., Wu, Y., & Pang, R",2020,Conformer: Convolution-augmented Transformer for Speech Recognition,Interspeech,5036-5040,10.21437/Interspeech.2020-3015,https://doi.org/10.21437/Interspeech.2020-3015,,1;4;5,high,"Gulati, A., Qin, J., Chiu, C.-C., Parmar, N., Zhang, Y., Yu, J., Han, W., Wang, S., Zhang, Z., Wu, Y., & Pang, R. (2020). Conformer: Convolution-augmented Transformer for Speech Recognition. Interspeech, 5036-5040. https://doi.org/10.21437/Interspeech.2020-3015"
habash2010introducti,"Habash, N. Y",2010,Introduction to Arabic Natural Language Processing,"Synthesis Lectures on Human Language Technologies, 10. Morgan & Claypool",,10.2200/S00277ED1V01Y201008HLT010,https://doi.org/10.2200/S00277ED1V01Y201008HLT010,,1;2,high,"Habash, N. Y. (2010). Introduction to Arabic Natural Language Processing. Synthesis Lectures on Human Language Technologies, 10. Morgan & Claypool. https://doi.org/10.2200/S00277ED1V01Y201008HLT010"
habash2012convention,"Habash, N., Diab, M., & Rambow, O",2012,Conventional orthography for dialectal Arabic,LREC,711-718,,https://aclanthology.org/L12-1328/,19 June 2026,2;7;14,high,"Habash, N., Diab, M., & Rambow, O. (2012). Conventional orthography for dialectal Arabic. LREC, 711-718. https://aclanthology.org/L12-1328/ Accessed 19 June 2026."
habash2018unified,"Habash, N., Eryani, F., Khalifa, S., Rambow, O., Abdulrahim, D., Erdmann, A., Faraj, R., Zaghouani, W., Bouamor, H., Zalmout, N., Hassan, S., Al-Shargi, F., Alkhereyf, S., Abdulkareem, B., Eskander, R., Salameh, M., & Saddiki, H",2018,Unified guidelines and resources for Arabic dialect orthography (CODA*),LREC,3628-3637,,https://aclanthology.org/L18-1574/,19 June 2026,2;7,high,"Habash, N., Eryani, F., Khalifa, S., Rambow, O., Abdulrahim, D., Erdmann, A., Faraj, R., Zaghouani, W., Bouamor, H., Zalmout, N., Hassan, S., Al-Shargi, F., Alkhereyf, S., Abdulkareem, B., Eskander, R., Salameh, M., & Saddiki, H. (2018). Unified guidelines and resources for Arabic dialect orthography (CODA*). LREC, 3628-3637. https://aclanthology.org/L18-1574/ Accessed 19 June 2026."
hadj2020based,"Hadj Ali, I., Mnasri, Z., & Lachiri, Z",2020,DNN-based grapheme-to-phoneme conversion for Arabic text-to-speech synthesis,"International Journal of Speech Technology, 23(3)",569-584,10.1007/s10772-020-09750-7,https://doi.org/10.1007/s10772-020-09750-7,,1;2;9,high,"Hadj Ali, I., Mnasri, Z., & Lachiri, Z. (2020). DNN-based grapheme-to-phoneme conversion for Arabic text-to-speech synthesis. International Journal of Speech Technology, 23(3), 569-584. https://doi.org/10.1007/s10772-020-09750-7"
halabi2016modern,"Halabi, N",2016,Modern standard Arabic phonetics for speech synthesis [PhD thesis],University of Southampton,,,https://eprints.soton.ac.uk/409695/,28 July 2026,7,high,"Halabi, N. (2016). Modern standard Arabic phonetics for speech synthesis [PhD thesis]. University of Southampton. https://eprints.soton.ac.uk/409695/ Accessed 28 July 2026."
hamed2022investigat,"Hamed, I., Denisov, P., Li, C.-Y., Elmahdy, M., Abdennadher, S., & Vu, N. T",2022,Investigations on speech recognition systems for low-resource dialectal Arabic-English code-switching speech,"Computer Speech and Language, 72, 101278",,10.1016/j.csl.2021.101278,https://doi.org/10.1016/j.csl.2021.101278,,8,high,"Hamed, I., Denisov, P., Li, C.-Y., Elmahdy, M., Abdennadher, S., & Vu, N. T. (2022). Investigations on speech recognition systems for low-resource dialectal Arabic-English code-switching speech. Computer Speech and Language, 72, 101278. https://doi.org/10.1016/j.csl.2021.101278"
hamed2024zaebuc,"Hamed, I., Eryani, F., Palfreyman, D., & Habash, N",2024,ZAEBUC-Spoken: A multilingual multidialectal Arabic-English speech corpus,"Proceedings of the 2024 Joint International Conference on Computational Linguistics, Language Resources and Evaluation (LREC-COLING)",17770-17782,,https://aclanthology.org/2024.lrec-main.1546/,29 July 2026,7,high,"Hamed, I., Eryani, F., Palfreyman, D., & Habash, N. (2024). ZAEBUC-Spoken: A multilingual multidialectal Arabic-English speech corpus. Proceedings of the 2024 Joint International Conference on Computational Linguistics, Language Resources and Evaluation (LREC-COLING), 17770-17782. https://aclanthology.org/2024.lrec-main.1546/ Accessed 29 July 2026."
hayashi2020espnet,"Hayashi, T., Yamamoto, R., Inoue, K., Yoshimura, T., Watanabe, S., Toda, T., Takeda, K., Zhang, Y., & Tan, X",2020,"ESPnet-TTS: Unified, reproducible, and integratable open source end-to-end text-to-speech toolkit","IEEE International Conference on Acoustics, Speech and Signal Processing (ICASSP)",7654-7658,10.1109/ICASSP40776.2020.9053512,https://doi.org/10.1109/ICASSP40776.2020.9053512,,9,high,"Hayashi, T., Yamamoto, R., Inoue, K., Yoshimura, T., Watanabe, S., Toda, T., Takeda, K., Zhang, Y., & Tan, X. (2020). ESPnet-TTS: Unified, reproducible, and integratable open source end-to-end text-to-speech toolkit. IEEE International Conference on Acoustics, Speech and Signal Processing (ICASSP), 7654-7658. https://doi.org/10.1109/ICASSP40776.2020.9053512"
hermansky1990perceptual,"Hermansky, H",1990,Perceptual linear predictive (PLP) analysis of speech,"Journal of the Acoustical Society of America, 87(4)",1738-1752,10.1121/1.399423,https://doi.org/10.1121/1.399423,,3,high,"Hermansky, H. (1990). Perceptual linear predictive (PLP) analysis of speech. Journal of the Acoustical Society of America, 87(4), 1738-1752. https://doi.org/10.1121/1.399423"
hinton2012deep,"Hinton, G., Deng, L., Yu, D., Dahl, G. E., Mohamed, A., Jaitly, N., Senior, A., Vanhoucke, V., Nguyen, P., Sainath, T. N., & Kingsbury, B",2012,Deep neural networks for acoustic modeling in speech recognition: The shared views of four research groups,"IEEE Signal Processing Magazine, 29(6)",82-97,10.1109/MSP.2012.2205597,https://doi.org/10.1109/MSP.2012.2205597,,1;4,high,"Hinton, G., Deng, L., Yu, D., Dahl, G. E., Mohamed, A., Jaitly, N., Senior, A., Vanhoucke, V., Nguyen, P., Sainath, T. N., & Kingsbury, B. (2012). Deep neural networks for acoustic modeling in speech recognition: The shared views of four research groups. IEEE Signal Processing Magazine, 29(6), 82-97. https://doi.org/10.1109/MSP.2012.2205597"
hochreiter1997long,"Hochreiter, S., & Schmidhuber, J",1997,Long short-term memory,"Neural Computation, 9(8)",1735-1780,10.1162/neco.1997.9.8.1735,https://doi.org/10.1162/neco.1997.9.8.1735,,1;4,high,"Hochreiter, S., & Schmidhuber, J. (1997). Long short-term memory. Neural Computation, 9(8), 1735-1780. https://doi.org/10.1162/neco.1997.9.8.1735"
hodgson2016risks,"Hodgson, T., & Coiera, E",2016,Risks and benefits of speech recognition for clinical documentation: A systematic review,"Journal of the American Medical Informatics Association, 23(e1), e169-e179",,10.1093/jamia/ocv152,https://doi.org/10.1093/jamia/ocv152,,12,high,"Hodgson, T., & Coiera, E. (2016). Risks and benefits of speech recognition for clinical documentation: A systematic review. Journal of the American Medical Informatics Association, 23(e1), e169-e179. https://doi.org/10.1093/jamia/ocv152"
houlsby2019parameter,"Houlsby, N., Giurgiu, A., Jastrzebski, S., Morrone, B., de Laroussilhe, Q., Gesmundo, A., Attariyan, M., & Gelly, S",2019,Parameter-efficient transfer learning for NLP,"Proceedings of the 36th International Conference on Machine Learning (ICML), PMLR 97",2790-2799,,https://proceedings.mlr.press/v97/houlsby19a.html,19 June 2026,6,high,"Houlsby, N., Giurgiu, A., Jastrzebski, S., Morrone, B., de Laroussilhe, Q., Gesmundo, A., Attariyan, M., & Gelly, S. (2019). Parameter-efficient transfer learning for NLP. Proceedings of the 36th International Conference on Machine Learning (ICML), PMLR 97, 2790-2799. https://proceedings.mlr.press/v97/houlsby19a.html Accessed 19 June 2026."
hsu2021hubert,"Hsu, W.-N., Bolte, B., Tsai, Y.-H. H., Lakhotia, K., Salakhutdinov, R., & Mohamed, A",2021,HuBERT: Self-supervised speech representation learning by masked prediction of hidden units,"IEEE/ACM Transactions on Audio, Speech, and Language Processing, 29",3451-3460,10.1109/TASLP.2021.3122291,https://doi.org/10.1109/TASLP.2021.3122291,,1;6,high,"Hsu, W.-N., Bolte, B., Tsai, Y.-H. H., Lakhotia, K., Salakhutdinov, R., & Mohamed, A. (2021). HuBERT: Self-supervised speech representation learning by masked prediction of hidden units. IEEE/ACM Transactions on Audio, Speech, and Language Processing, 29, 3451-3460. https://doi.org/10.1109/TASLP.2021.3122291"
hu2022lora,"Hu, E. J., Shen, Y., Wallis, P., Allen-Zhu, Z., Li, Y., Wang, S., Wang, L., & Chen, W",2022,LoRA: Low-rank adaptation of large language models,International Conference on Learning Representations (ICLR). arXiv:2106.09685,,,https://arxiv.org/abs/2106.09685,,6,high,"Hu, E. J., Shen, Y., Wallis, P., Allen-Zhu, Z., Li, Y., Wang, S., Wang, L., & Chen, W. (2022). LoRA: Low-rank adaptation of large language models. International Conference on Learning Representations (ICLR). arXiv:2106.09685. https://arxiv.org/abs/2106.09685"
huang2024acegpt,"Huang, H., Yu, F., Zhu, J., Sun, X., Cheng, H., Song, D., Chen, Z., Alharthi, A., An, B., He, J., Liu, Z., Zhang, Z., Chen, J., Li, J., Wang, B., Zhang, L., Sun, R., Wan, X., Li, H., & Xu, J",2024,"AceGPT, localizing large language models in Arabic",Proceedings of the 2024 Conference of the North American Chapter of the Association for Computational Linguistics: Human Language Technologies (Volume 1: Long Papers),8139-8163,10.18653/v1/2024.naacl-long.450,https://doi.org/10.18653/v1/2024.naacl-long.450,,11,high,"Huang, H., Yu, F., Zhu, J., Sun, X., Cheng, H., Song, D., Chen, Z., Alharthi, A., An, B., He, J., Liu, Z., Zhang, Z., Chen, J., Li, J., Wang, B., Zhang, L., Sun, R., Wan, X., Li, H., & Xu, J. (2024). AceGPT, localizing large language models in Arabic. Proceedings of the 2024 Conference of the North American Chapter of the Association for Computational Linguistics: Human Language Technologies (Volume 1: Long Papers), 8139-8163. https://doi.org/10.18653/v1/2024.naacl-long.450"
hudecek2023large,"Hudeček, V., & Dušek, O",2023,Are large language models all you need for task-oriented dialogue?,Proceedings of the 24th Meeting of the Special Interest Group on Discourse and Dialogue (SIGDIAL),216-228,10.18653/v1/2023.sigdial-1.21,https://doi.org/10.18653/v1/2023.sigdial-1.21,,10,high,"Hudeček, V., & Dušek, O. (2023). Are large language models all you need for task-oriented dialogue? Proceedings of the 24th Meeting of the Special Interest Group on Discourse and Dialogue (SIGDIAL), 216-228. https://doi.org/10.18653/v1/2023.sigdial-1.21"
hussein2022arabic,"Hussein, A., Watanabe, S., & Ali, A",2022,"Arabic speech recognition by end-to-end, modular systems and human","Computer Speech & Language, 71, 101272",,10.1016/j.csl.2021.101272,https://doi.org/10.1016/j.csl.2021.101272,,4;5,high,"Hussein, A., Watanabe, S., & Ali, A. (2022). Arabic speech recognition by end-to-end, modular systems and human. Computer Speech & Language, 71, 101272. https://doi.org/10.1016/j.csl.2021.101272"
ibrahim2020optimizing,"Ibrahim, A. B., Seddiq, Y. M., Meftah, A. H., Alghamdi, M., Selouani, S.-A., Qamhan, M. A., Alotaibi, Y. A., & Alshebeili, S. A",2020,Optimizing Arabic speech distinctive phonetic features and phoneme recognition using genetic algorithm,"IEEE Access, 8",200395-200411,10.1109/ACCESS.2020.3034762,https://doi.org/10.1109/ACCESS.2020.3034762,,2,high,"Ibrahim, A. B., Seddiq, Y. M., Meftah, A. H., Alghamdi, M., Selouani, S.-A., Qamhan, M. A., Alotaibi, Y. A., & Alshebeili, S. A. (2020). Optimizing Arabic speech distinctive phonetic features and phoneme recognition using genetic algorithm. IEEE Access, 8, 200395-200411. https://doi.org/10.1109/ACCESS.2020.3034762"
international1999handbook,International Phonetic Association,1999,Handbook of the International Phonetic Association: A guide to the use of the International Phonetic Alphabet,Cambridge University Press,,,https://internationalphoneticassociation.org,19 June 2026,2,high,International Phonetic Association. (1999). Handbook of the International Phonetic Association: A guide to the use of the International Phonetic Alphabet. Cambridge University Press. https://internationalphoneticassociation.org Accessed 19 June 2026.
international1996recommenda,International Telecommunication Union,1996,ITU-T Recommendation P.800: Methods for subjective determination of transmission quality,,,,https://www.itu.int/rec/T-REC-P.800-199608-I,4 August 2026,9,medium,International Telecommunication Union. (1996). ITU-T Recommendation P.800: Methods for subjective determination of transmission quality. https://www.itu.int/rec/T-REC-P.800-199608-I Accessed 4 August 2026.
international2001perceptual,International Telecommunication Union,2001,Perceptual evaluation of speech quality (PESQ): An objective method for end-to-end speech quality assessment of narrow-band telephone networks and speech codecs,ITU-T Recommendation P.862,,,https://www.itu.int/rec/T-REC-P.862-200102-I,11 August 2026,8,high,International Telecommunication Union. (2001). Perceptual evaluation of speech quality (PESQ): An objective method for end-to-end speech quality assessment of narrow-band telephone networks and speech codecs. ITU-T Recommendation P.862. https://www.itu.int/rec/T-REC-P.862-200102-I Accessed 11 August 2026.
international2015recommenda,International Telecommunication Union,2015,ITU-R Recommendation BS.1534-3: Method for the subjective assessment of intermediate quality level of audio systems,,,,https://www.itu.int/rec/R-REC-BS.1534-3-201510-I,4 August 2026,9,medium,International Telecommunication Union. (2015). ITU-R Recommendation BS.1534-3: Method for the subjective assessment of intermediate quality level of audio systems. https://www.itu.int/rec/R-REC-BS.1534-3-201510-I Accessed 4 August 2026.
international2021recommenda,International Telecommunication Union,2021,ITU-T Recommendation P.808: Subjective evaluation of speech quality with a crowdsourcing approach,,,,https://www.itu.int/rec/T-REC-P.808-202106-I,5 August 2026,9,medium,International Telecommunication Union. (2021). ITU-T Recommendation P.808: Subjective evaluation of speech quality with a crowdsourcing approach. https://www.itu.int/rec/T-REC-P.808-202106-I Accessed 5 August 2026.
iwamoto2022artifacts,"Iwamoto, K., Ochiai, T., Delcroix, M., Ikeshita, R., Sato, H., Araki, S., & Katagiri, S",2022,How bad are artifacts?: Analyzing the impact of speech enhancement errors on ASR,Interspeech,5418-5422,10.21437/Interspeech.2022-318,https://doi.org/10.21437/Interspeech.2022-318,,8,high,"Iwamoto, K., Ochiai, T., Delcroix, M., Ikeshita, R., Sato, H., Araki, S., & Katagiri, S. (2022). How bad are artifacts?: Analyzing the impact of speech enhancement errors on ASR. Interspeech, 5418-5422. https://doi.org/10.21437/Interspeech.2022-318"
jelinek1976continuous,"Jelinek, F",1976,Continuous speech recognition by statistical methods,"Proceedings of the IEEE, 64(4)",532-556,10.1109/PROC.1976.10159,https://doi.org/10.1109/PROC.1976.10159,,4,high,"Jelinek, F. (1976). Continuous speech recognition by statistical methods. Proceedings of the IEEE, 64(4), 532-556. https://doi.org/10.1109/PROC.1976.10159"
jongman2011acoustics,"Jongman, A., Herd, W., Al-Masri, M., Sereno, J., & Combest, S",2011,Acoustics and perception of emphasis in Urban Jordanian Arabic,"Journal of Phonetics, 39(1)",85-95,10.1016/j.wocn.2010.11.007,https://doi.org/10.1016/j.wocn.2010.11.007,,1;2;3,high,"Jongman, A., Herd, W., Al-Masri, M., Sereno, J., & Combest, S. (2011). Acoustics and perception of emphasis in Urban Jordanian Arabic. Journal of Phonetics, 39(1), 85-95. https://doi.org/10.1016/j.wocn.2010.11.007"
jurafsky2023speech,"Jurafsky, D., & Martin, J. H",2023,Speech and Language Processing (3rd ed. draft),Stanford University,,,https://web.stanford.edu/~jurafsky/slp3,19 June 2026,1;2;3,high,"Jurafsky, D., & Martin, J. H. (2023). Speech and Language Processing (3rd ed. draft). Stanford University. https://web.stanford.edu/~jurafsky/slp3 Accessed 19 June 2026."
jurafsky2026text,"Jurafsky, D., & Martin, J. H",2026,Text-to-speech,"In Speech and language processing (3rd ed., draft of 6 January 2026), chapter 16",,,https://web.stanford.edu/~jurafsky/slp3/16.pdf,4 August 2026,9,high,"Jurafsky, D., & Martin, J. H. (2026). Text-to-speech. In Speech and language processing (3rd ed., draft of 6 January 2026), chapter 16. https://web.stanford.edu/~jurafsky/slp3/16.pdf Accessed 4 August 2026."
kannan2018analysis,"Kannan, A., Wu, Y., Nguyen, P., Sainath, T. N., Chen, Z., & Prabhavalkar, R",2018,An Analysis of Incorporating an External Language Model into a Sequence-to-Sequence Model,"IEEE International Conference on Acoustics, Speech and Signal Processing (ICASSP)",5824-5828,10.1109/ICASSP.2018.8462682,https://doi.org/10.1109/ICASSP.2018.8462682,,5,high,"Kannan, A., Wu, Y., Nguyen, P., Sainath, T. N., Chen, Z., & Prabhavalkar, R. (2018). An Analysis of Incorporating an External Language Model into a Sequence-to-Sequence Model. IEEE International Conference on Acoustics, Speech and Signal Processing (ICASSP), 5824-5828. https://doi.org/10.1109/ICASSP.2018.8462682"
kapoor2023leakage,"Kapoor, S., & Narayanan, A",2023,Leakage and the reproducibility crisis in machine-learning-based science,"Patterns, 4(9), article 100804",,10.1016/j.patter.2023.100804,https://doi.org/10.1016/j.patter.2023.100804,,7,high,"Kapoor, S., & Narayanan, A. (2023). Leakage and the reproducibility crisis in machine-learning-based science. Patterns, 4(9), article 100804. https://doi.org/10.1016/j.patter.2023.100804"
khan2021tarteel,"Khan, H. I., Abou Allaban, A., Moussa, M. M., & Abid, A",2021,The Tarteel dataset: Crowd-sourced and labeled Quranic recitation,35th Conference on Neural Information Processing Systems (NeurIPS),,,https://openreview.net/pdf?id=TAdzPkgnnV8,4 August 2026,9,high,"Khan, H. I., Abou Allaban, A., Moussa, M. M., & Abid, A. (2021). The Tarteel dataset: Crowd-sourced and labeled Quranic recitation. 35th Conference on Neural Information Processing Systems (NeurIPS). https://openreview.net/pdf?id=TAdzPkgnnV8 Accessed 4 August 2026."
khattab2007phonetic,"Khattab, G",2007,A phonetic study of gemination in Lebanese Arabic,Proceedings of the 16th International Congress of Phonetic Sciences (ICPhS),153-158,,https://eprints.ncl.ac.uk/7648,19 June 2026,2,high,"Khattab, G. (2007). A phonetic study of gemination in Lebanese Arabic. Proceedings of the 16th International Congress of Phonetic Sciences (ICPhS), 153-158. https://eprints.ncl.ac.uk/7648 Accessed 19 June 2026."
kim2021conditiona,"Kim, J., Kong, J., & Son, J",2021,Conditional variational autoencoder with adversarial learning for end-to-end text-to-speech,"Proceedings of the 38th International Conference on Machine Learning (ICML), PMLR 139",5530-5540,,https://proceedings.mlr.press/v139/kim21f.html,4 August 2026,9,high,"Kim, J., Kong, J., & Son, J. (2021). Conditional variational autoencoder with adversarial learning for end-to-end text-to-speech. Proceedings of the 38th International Conference on Machine Learning (ICML), PMLR 139, 5530-5540. https://proceedings.mlr.press/v139/kim21f.html Accessed 4 August 2026."
kirchhoff2006morphology,"Kirchhoff, K., Vergyri, D., Bilmes, J., Duh, K., & Stolcke, A",2006,Morphology-based language modeling for conversational Arabic speech recognition,"Computer Speech & Language, 20(4)",589-608,10.1016/j.csl.2005.10.001,https://doi.org/10.1016/j.csl.2005.10.001,,4,high,"Kirchhoff, K., Vergyri, D., Bilmes, J., Duh, K., & Stolcke, A. (2006). Morphology-based language modeling for conversational Arabic speech recognition. Computer Speech & Language, 20(4), 589-608. https://doi.org/10.1016/j.csl.2005.10.001"
klatt1980software,"Klatt, D. H",1980,Software for a cascade/parallel formant synthesizer,"The Journal of the Acoustical Society of America, 67(3)",971-995,10.1121/1.383940,https://doi.org/10.1121/1.383940,,9,high,"Klatt, D. H. (1980). Software for a cascade/parallel formant synthesizer. The Journal of the Acoustical Society of America, 67(3), 971-995. https://doi.org/10.1121/1.383940"
kneser1995improved,"Kneser, R., & Ney, H",1995,Improved backing-off for M-gram language modeling,"IEEE International Conference on Acoustics, Speech, and Signal Processing (ICASSP), 1",181-184,10.1109/ICASSP.1995.479394,https://doi.org/10.1109/ICASSP.1995.479394,,4,high,"Kneser, R., & Ney, H. (1995). Improved backing-off for M-gram language modeling. IEEE International Conference on Acoustics, Speech, and Signal Processing (ICASSP), 1, 181-184. https://doi.org/10.1109/ICASSP.1995.479394"
kong2020hifi,"Kong, J., Kim, J., & Bae, J",2020,HiFi-GAN: Generative adversarial networks for efficient and high fidelity speech synthesis,Advances in Neural Information Processing Systems 33 (NeurIPS). arXiv preprint arXiv:2010.05646,,,https://arxiv.org/abs/2010.05646,,9,high,"Kong, J., Kim, J., & Bae, J. (2020). HiFi-GAN: Generative adversarial networks for efficient and high fidelity speech synthesis. Advances in Neural Information Processing Systems 33 (NeurIPS). arXiv preprint arXiv:2010.05646. https://arxiv.org/abs/2010.05646"
kuchaiev2019nemo,"Kuchaiev, O., Li, J., Nguyen, H., Hrinchuk, O., Leary, R., Ginsburg, B., Kriman, S., Beliaev, S., Lavrukhin, V., Cook, J., Castonguay, P., Popova, M., Huang, J., & Cohen, J. M",2019,NeMo: A toolkit for building AI applications using neural modules,arXiv preprint arXiv:1909.09577,,,https://arxiv.org/abs/1909.09577,,9,medium,"Kuchaiev, O., Li, J., Nguyen, H., Hrinchuk, O., Leary, R., Ginsburg, B., Kriman, S., Beliaev, S., Lavrukhin, V., Cook, J., Castonguay, P., Popova, M., Huang, J., & Cohen, J. M. (2019). NeMo: A toolkit for building AI applications using neural modules. arXiv preprint arXiv:1909.09577. https://arxiv.org/abs/1909.09577"
kudo2018sentencepi,"Kudo, T., & Richardson, J",2018,SentencePiece: A simple and language independent subword tokenizer and detokenizer for Neural Text Processing,Proceedings of the 2018 Conference on Empirical Methods in Natural Language Processing: System Demonstrations,66-71,10.18653/v1/D18-2012,https://doi.org/10.18653/v1/D18-2012,,4;5,high,"Kudo, T., & Richardson, J. (2018). SentencePiece: A simple and language independent subword tokenizer and detokenizer for Neural Text Processing. Proceedings of the 2018 Conference on Empirical Methods in Natural Language Processing: System Demonstrations, 66-71. https://doi.org/10.18653/v1/D18-2012"
kulkarni2023clartts,"Kulkarni, A., Kulkarni, A., Shatnawi, S., & Aldarmaki, H",2023,ClArTTS: An open-source Classical Arabic text-to-speech corpus,Interspeech,5511-5515,10.21437/Interspeech.2023-2224,https://doi.org/10.21437/Interspeech.2023-2224,,1;2;3;9;14,high,"Kulkarni, A., Kulkarni, A., Shatnawi, S., & Aldarmaki, H. (2023). ClArTTS: An open-source Classical Arabic text-to-speech corpus. Interspeech, 5511-5515. https://doi.org/10.21437/Interspeech.2023-2224"
le2019half,"Le Roux, J., Wisdom, S., Erdogan, H., & Hershey, J. R",2019,SDR: half-baked or well done?,"ICASSP 2019, IEEE International Conference on Acoustics, Speech and Signal Processing",626-630,10.1109/ICASSP.2019.8683855,https://doi.org/10.1109/ICASSP.2019.8683855,,8,high,"Le Roux, J., Wisdom, S., Erdogan, H., & Hershey, J. R. (2019). SDR: half-baked or well done? ICASSP 2019, IEEE International Conference on Acoustics, Speech and Signal Processing, 626-630. https://doi.org/10.1109/ICASSP.2019.8683855"
lewis2020retrieval,"Lewis, P., Perez, E., Piktus, A., Petroni, F., Karpukhin, V., Goyal, N., Küttler, H., Lewis, M., Yih, W.-t., Rocktäschel, T., Riedel, S., & Kiela, D",2020,Retrieval-augmented generation for knowledge-intensive NLP tasks,Advances in Neural Information Processing Systems 33 (NeurIPS),9459-9474,,https://proceedings.neurips.cc/paper/2020/hash/6b493230205f780e1bc26945df7481e5-Abstract.html,7 August 2026,11,high,"Lewis, P., Perez, E., Piktus, A., Petroni, F., Karpukhin, V., Goyal, N., Küttler, H., Lewis, M., Yih, W.-t., Rocktäschel, T., Riedel, S., & Kiela, D. (2020). Retrieval-augmented generation for knowledge-intensive NLP tasks. Advances in Neural Information Processing Systems 33 (NeurIPS), 9459-9474. https://proceedings.neurips.cc/paper/2020/hash/6b493230205f780e1bc26945df7481e5-Abstract.html Accessed 7 August 2026."
lhoest2021datasets,"Lhoest, Q., Villanova del Moral, A., Jernite, Y., Thakur, A., von Platen, P., Patil, S., Chaumond, J., Drame, M., Plu, J., Tunstall, L., Davison, J., Šaško, M., Chhablani, G., Malik, B., Brandeis, S., Le Scao, T., Sanh, V., Xu, C., Patry, N., McMillan-Major, A., Schmid, P., Gugger, S., Delangue, C., Matussière, T., Debut, L., Bekman, S., Cistac, P., Goehringer, T., Mustar, V., Lagunas, F., Rush, A., & Wolf, T",2021,Datasets: A community library for natural language processing,Proceedings of the 2021 Conference on Empirical Methods in Natural Language Processing: System Demonstrations (EMNLP),175-184,,https://aclanthology.org/2021.emnlp-demo.21/,28 July 2026,7,high,"Lhoest, Q., Villanova del Moral, A., Jernite, Y., Thakur, A., von Platen, P., Patil, S., Chaumond, J., Drame, M., Plu, J., Tunstall, L., Davison, J., Šaško, M., Chhablani, G., Malik, B., Brandeis, S., Le Scao, T., Sanh, V., Xu, C., Patry, N., McMillan-Major, A., Schmid, P., Gugger, S., Delangue, C., Matussière, T., Debut, L., Bekman, S., Cistac, P., Goehringer, T., Mustar, V., Lagunas, F., Rush, A., & Wolf, T. (2021). Datasets: A community library for natural language processing. Proceedings of the 2021 Conference on Empirical Methods in Natural Language Processing: System Demonstrations (EMNLP), 175-184. https://aclanthology.org/2021.emnlp-demo.21/ Accessed 28 July 2026."
li2017mispronunc,"Li, K., Qian, X., & Meng, H",2017,Mispronunciation detection and diagnosis in L2 English speech using multidistribution deep neural networks,"IEEE/ACM Transactions on Audio, Speech, and Language Processing, 25(1)",193-207,10.1109/TASLP.2016.2621675,https://doi.org/10.1109/TASLP.2016.2621675,,12,high,"Li, K., Qian, X., & Meng, H. (2017). Mispronunciation detection and diagnosis in L2 English speech using multidistribution deep neural networks. IEEE/ACM Transactions on Audio, Speech, and Language Processing, 25(1), 193-207. https://doi.org/10.1109/TASLP.2016.2621675"
lin2004rouge,"Lin, C.-Y",2004,ROUGE: A package for automatic evaluation of summaries,Text Summarization Branches Out,74-81,,https://aclanthology.org/W04-1013/,31 July 2026,8,high,"Lin, C.-Y. (2004). ROUGE: A package for automatic evaluation of summaries. Text Summarization Branches Out, 74-81. https://aclanthology.org/W04-1013/ Accessed 31 July 2026."
lugosch2019speech,"Lugosch, L., Ravanelli, M., Ignoto, P., Tomar, V. S., & Bengio, Y",2019,Speech model pre-training for end-to-end spoken language understanding,Interspeech,814-818,10.21437/Interspeech.2019-2396,https://doi.org/10.21437/Interspeech.2019-2396,,10,high,"Lugosch, L., Ravanelli, M., Ignoto, P., Tomar, V. S., & Bengio, Y. (2019). Speech model pre-training for end-to-end spoken language understanding. Interspeech, 814-818. https://doi.org/10.21437/Interspeech.2019-2396"
ma2019stacl,"Ma, M., Huang, L., Xiong, H., Zheng, R., Liu, K., Zheng, B., Zhang, C., He, Z., Liu, H., Li, X., Wu, H., & Wang, H",2019,STACL: Simultaneous translation with implicit anticipation and controllable latency using prefix-to-prefix framework,Proceedings of the 57th Annual Meeting of the Association for Computational Linguistics (ACL),3025-3036,10.18653/v1/P19-1289,https://doi.org/10.18653/v1/P19-1289,,10,high,"Ma, M., Huang, L., Xiong, H., Zheng, R., Liu, K., Zheng, B., Zhang, C., He, Z., Liu, H., Li, X., Wu, H., & Wang, H. (2019). STACL: Simultaneous translation with implicit anticipation and controllable latency using prefix-to-prefix framework. Proceedings of the 57th Annual Meeting of the Association for Computational Linguistics (ACL), 3025-3036. https://doi.org/10.18653/v1/P19-1289"
ma2020simuleval,"Ma, X., Dousti, M. J., Wang, C., Gu, J., & Pino, J",2020,SimulEval: An evaluation toolkit for simultaneous translation,Proceedings of the 2020 Conference on Empirical Methods in Natural Language Processing: System Demonstrations,144-150,10.18653/v1/2020.emnlp-demos.19,https://doi.org/10.18653/v1/2020.emnlp-demos.19,,10,high,"Ma, X., Dousti, M. J., Wang, C., Gu, J., & Pino, J. (2020). SimulEval: An evaluation toolkit for simultaneous translation. Proceedings of the 2020 Conference on Empirical Methods in Natural Language Processing: System Demonstrations, 144-150. https://doi.org/10.18653/v1/2020.emnlp-demos.19"
maamouri2007fisher,"Maamouri, M., Buckwalter, T., Graff, D., & Jin, H",2007,Fisher Levantine Arabic Conversational Telephone Speech (LDC2007S02),"Linguistic Data Consortium, Philadelphia",,,https://catalog.ldc.upenn.edu/LDC2007S02,28 July 2026,7,high,"Maamouri, M., Buckwalter, T., Graff, D., & Jin, H. (2007). Fisher Levantine Arabic Conversational Telephone Speech (LDC2007S02). Linguistic Data Consortium, Philadelphia. https://catalog.ldc.upenn.edu/LDC2007S02 Accessed 28 July 2026."
manning2008introducti,"Manning, C. D., Raghavan, P., & Schütze, H",2008,Introduction to information retrieval,Cambridge University Press,,10.1017/CBO9780511809071,https://doi.org/10.1017/CBO9780511809071,,8,high,"Manning, C. D., Raghavan, P., & Schütze, H. (2008). Introduction to information retrieval. Cambridge University Press. https://doi.org/10.1017/CBO9780511809071"
martin1997curve,"Martin, A., Doddington, G., Kamm, T., Ordowski, M., & Przybocki, M",1997,The DET curve in assessment of detection task performance,European Conference on Speech Communication and Technology (Eurospeech),1895-1898,10.21437/Eurospeech.1997-504,https://doi.org/10.21437/Eurospeech.1997-504,,8,high,"Martin, A., Doddington, G., Kamm, T., Ordowski, M., & Przybocki, M. (1997). The DET curve in assessment of detection task performance. European Conference on Speech Communication and Technology (Eurospeech), 1895-1898. https://doi.org/10.21437/Eurospeech.1997-504"
mcauliffe2017montreal,"McAuliffe, M., Socolof, M., Mihuc, S., Wagner, M., & Sonderegger, M",2017,Montreal Forced Aligner: Trainable Text-Speech Alignment Using Kaldi,Interspeech,498-502,10.21437/Interspeech.2017-1386,https://doi.org/10.21437/Interspeech.2017-1386,,3;14,high,"McAuliffe, M., Socolof, M., Mihuc, S., Wagner, M., & Sonderegger, M. (2017). Montreal Forced Aligner: Trainable Text-Speech Alignment Using Kaldi. Interspeech, 498-502. https://doi.org/10.21437/Interspeech.2017-1386"
mcmahan2017communicat,"McMahan, H. B., Moore, E., Ramage, D., Hampson, S., & Agüera y Arcas, B",2017,Communication-efficient learning of deep networks from decentralized data,"Proceedings of the 20th International Conference on Artificial Intelligence and Statistics, PMLR 54",1273-1282,,https://proceedings.mlr.press/v54/mcmahan17a.html,10 August 2026,13,high,"McMahan, H. B., Moore, E., Ramage, D., Hampson, S., & Agüera y Arcas, B. (2017). Communication-efficient learning of deep networks from decentralized data. Proceedings of the 20th International Conference on Artificial Intelligence and Statistics, PMLR 54, 1273-1282. https://proceedings.mlr.press/v54/mcmahan17a.html Accessed 10 August 2026."
mdhaffar2024taric,"Mdhaffar, S., Bougares, F., De Mori, R., Zaiem, S., Ravanelli, M., & Estève, Y",2024,TARIC-SLU: A Tunisian benchmark dataset for spoken language understanding,LREC-COLING,15606-15616,,https://aclanthology.org/2024.lrec-main.1357/,19 June 2026,1;10,high,"Mdhaffar, S., Bougares, F., De Mori, R., Zaiem, S., Ravanelli, M., & Estève, Y. (2024). TARIC-SLU: A Tunisian benchmark dataset for spoken language understanding. LREC-COLING. https://aclanthology.org/2024.lrec-main.1357/ Accessed 19 June 2026."
meftah2021king,"Meftah, A. H., Qamhan, M. A., Seddiq, Y., Alotaibi, Y. A., & Selouani, S. A",2021,"King Saud University Emotions Corpus: Construction, analysis, evaluation, and comparison","IEEE Access, 9",54201-54219,10.1109/ACCESS.2021.3070751,https://doi.org/10.1109/ACCESS.2021.3070751,,8,high,"Meftah, A. H., Qamhan, M. A., Seddiq, Y., Alotaibi, Y. A., & Selouani, S. A. (2021). King Saud University Emotions Corpus: Construction, analysis, evaluation, and comparison. IEEE Access, 9, 54201-54219. https://doi.org/10.1109/ACCESS.2021.3070751"
microsoft2026responsibl,Microsoft,2026,Responsible AI: principles and approach,Microsoft,,,https://www.microsoft.com/en-us/ai/responsible-ai,11 August 2026,13,high,Microsoft. (2026). Responsible AI: principles and approach. Microsoft. https://www.microsoft.com/en-us/ai/responsible-ai Accessed 11 August 2026.
mitchell2019model,"Mitchell, M., Wu, S., Zaldivar, A., Barnes, P., Vasserman, L., Hutchinson, B., Spitzer, E., Raji, I. D., & Gebru, T",2019,Model cards for model reporting,"Proceedings of the Conference on Fairness, Accountability, and Transparency",220-229,10.1145/3287560.3287596,https://doi.org/10.1145/3287560.3287596,,13,high,"Mitchell, M., Wu, S., Zaldivar, A., Barnes, P., Vasserman, L., Hutchinson, B., Spitzer, E., Raji, I. D., & Gebru, T. (2019). Model cards for model reporting. Proceedings of the Conference on Fairness, Accountability, and Transparency, 220-229. https://doi.org/10.1145/3287560.3287596"
mohri2002weighted,"Mohri, M., Pereira, F., & Riley, M",2002,Weighted finite-state transducers in speech recognition,"Computer Speech & Language, 16(1)",69-88,10.1006/csla.2001.0184,https://doi.org/10.1006/csla.2001.0184,,4,high,"Mohri, M., Pereira, F., & Riley, M. (2002). Weighted finite-state transducers in speech recognition. Computer Speech & Language, 16(1), 69-88. https://doi.org/10.1006/csla.2001.0184"
mousavi2025discrete,"Mousavi, P., Maimon, G., Moumen, A., Petermann, D., Shi, J., Wu, H., Yang, H., Kuznetsova, A., Ploujnikov, A., Marxer, R., Ramabhadran, B., Elizalde, B., Lugosch, L., Li, J., Subakan, C., Woodland, P., Kim, M., Lee, H.-y., Watanabe, S., Adi, Y., & Ravanelli, M",2025,Discrete audio tokens: More than a survey!,Transactions on Machine Learning Research,,,https://openreview.net/forum?id=eqNchtvc6v,8 August 2026,11,high,"Mousavi, P., Maimon, G., Moumen, A., Petermann, D., Shi, J., Wu, H., Yang, H., Kuznetsova, A., Ploujnikov, A., Marxer, R., Ramabhadran, B., Elizalde, B., Lugosch, L., Li, J., Subakan, C., Woodland, P., Kim, M., Lee, H.-y., Watanabe, S., Adi, Y., & Ravanelli, M. (2025). Discrete audio tokens: More than a survey! Transactions on Machine Learning Research. https://openreview.net/forum?id=eqNchtvc6v Accessed 8 August 2026."
mozilla2026common,Mozilla Foundation,2026,Common Voice: Arabic dataset card,Common Voice,,,https://commonvoice.mozilla.org/ar/datasets,19 June 2026,3,high,Mozilla Foundation. (2026). Common Voice: Arabic dataset card. Common Voice. https://commonvoice.mozilla.org/ar/datasets Accessed 19 June 2026.
mubarak2021qasr,"Mubarak, H., Hussein, A., Chowdhury, S. A., & Ali, A",2021,"QASR: QCRI Aljazeera Speech Resource, a large scale annotated Arabic speech corpus",ACL-IJCNLP,2274-2285,,https://aclanthology.org/2021.acl-long.177/,19 June 2026,1;3;5;7;14,high,"Mubarak, H., Hussein, A., Chowdhury, S. A., & Ali, A. (2021). QASR: QCRI Aljazeera Speech Resource, a large scale annotated Arabic speech corpus. ACL-IJCNLP. https://aclanthology.org/2021.acl-long.177/ Accessed 19 June 2026."
nautsch2019gdpr,"Nautsch, A., Jasserand, C., Kindt, E., Todisco, M., Trancoso, I., & Evans, N",2019,"The GDPR & speech data: Reflections of legal and technology communities, first steps towards a common understanding",Interspeech,3695-3699,10.21437/Interspeech.2019-2647,https://doi.org/10.21437/Interspeech.2019-2647,,7,high,"Nautsch, A., Jasserand, C., Kindt, E., Todisco, M., Trancoso, I., & Evans, N. (2019). The GDPR & speech data: Reflections of legal and technology communities, first steps towards a common understanding. Interspeech, 3695-3699. https://doi.org/10.21437/Interspeech.2019-2647"
nautsch2019preserving,"Nautsch, A., Jiménez, A., Treiber, A., Kolberg, J., Jasserand, C., Kindt, E., Delgado, H., Todisco, M., Hmani, M. A., Mtibaa, A., Abdelraheem, M. A., Abad, A., Teixeira, F., Matrouf, D., Gomez-Barrero, M., Petrovska-Delacrétaz, D., Chollet, G., Evans, N., Schneider, T., Bonastre, J.-F., Raj, B., Trancoso, I., & Busch, C",2019,Preserving privacy in speaker and speech characterisation,"Computer Speech & Language, 58",441-480,10.1016/j.csl.2019.06.001,https://doi.org/10.1016/j.csl.2019.06.001,,12;13,high,"Nautsch, A., Jiménez, A., Treiber, A., Kolberg, J., Jasserand, C., Kindt, E., Delgado, H., Todisco, M., Hmani, M. A., Mtibaa, A., Abdelraheem, M. A., Abad, A., Teixeira, F., Matrouf, D., Gomez-Barrero, M., Petrovska-Delacrétaz, D., Chollet, G., Evans, N., Schneider, T., Bonastre, J.-F., Raj, B., Trancoso, I., & Busch, C. (2019). Preserving privacy in speaker and speech characterisation. Computer Speech & Language, 58, 441-480. https://doi.org/10.1016/j.csl.2019.06.001"
nusbaum1985constraint,"Nusbaum, H. C., & Pisoni, D. B",1985,Constraints on the perception of synthetic speech generated by rule,"Behavior Research Methods, Instruments, & Computers, 17(2)",235-242,10.3758/BF03214389,https://doi.org/10.3758/BF03214389,,9,high,"Nusbaum, H. C., & Pisoni, D. B. (1985). Constraints on the perception of synthetic speech generated by rule. Behavior Research Methods, Instruments, & Computers, 17(2), 235-242. https://doi.org/10.3758/BF03214389"
nusbaum2006speech,"Nusbaum, H. C., & Shintel, H",2006,Speech synthesis,"In Encyclopedia of language and linguistics (2nd ed., pp. 19-31). Elsevier",,10.1016/B0-08-044854-2/00913-5,https://doi.org/10.1016/B0-08-044854-2/00913-5,,9,high,"Nusbaum, H. C., & Shintel, H. (2006). Speech synthesis. In Encyclopedia of language and linguistics (2nd ed., pp. 19-31). Elsevier. https://doi.org/10.1016/B0-08-044854-2/00913-5"
obeid2020camel,"Obeid, O., Zalmout, N., Khalifa, S., Taji, D., Oudah, M., Alhafni, B., Inoue, G., Eryani, F., Erdmann, A., & Habash, N",2020,CAMeL Tools: An open source Python toolkit for Arabic natural language processing,Proceedings of the Twelfth Language Resources and Evaluation Conference (LREC),7022-7032,,https://aclanthology.org/2020.lrec-1.868/,26 July 2026,1;4;5;7;9,high,"Obeid, O., Zalmout, N., Khalifa, S., Taji, D., Oudah, M., Alhafni, B., Inoue, G., Eryani, F., Erdmann, A., & Habash, N. (2020). CAMeL Tools: An open source Python toolkit for Arabic natural language processing. Proceedings of the Twelfth Language Resources and Evaluation Conference (LREC), 7022-7032. https://aclanthology.org/2020.lrec-1.868/ Accessed 26 July 2026."
omnilingual2025omnilingua,Omnilingual ASR Team,2025,Omnilingual ASR: Open-Source Multilingual Speech Recognition for 1600+ Languages,arXiv:2511.09690,,,https://arxiv.org/abs/2511.09690,,6,medium,Omnilingual ASR Team. (2025). Omnilingual ASR: Open-Source Multilingual Speech Recognition for 1600+ Languages. arXiv:2511.09690. https://arxiv.org/abs/2511.09690
oukas2024arabalg,"Oukas, N., Haboussi, S., Maiza, C., & Benslimane, N",2024,ArabAlg: A new dataset for Arabic speech commands recognition for machine learning purposes,"International Journal of Computing and Digital Systems, 15(1)",,10.12785/ijcds/150170,https://doi.org/10.12785/ijcds/150170,,1,high,"Oukas, N., Haboussi, S., Maiza, C., & Benslimane, N. (2024). ArabAlg: A new dataset for Arabic speech commands recognition for machine learning purposes. International Journal of Computing and Digital Systems, 15(1). https://doi.org/10.12785/ijcds/150170"
panariello2024voicepriva,"Panariello, M., Tomashenko, N., Wang, X., Miao, X., Champion, P., Nourtel, H., Todisco, M., Evans, N., Vincent, E., & Yamagishi, J",2024,The VoicePrivacy 2022 Challenge: Progress and perspectives in voice anonymisation,"IEEE/ACM Transactions on Audio, Speech, and Language Processing, 32",3477-3491,10.1109/TASLP.2024.3430530,https://doi.org/10.1109/TASLP.2024.3430530,,13,high,"Panariello, M., Tomashenko, N., Wang, X., Miao, X., Champion, P., Nourtel, H., Todisco, M., Evans, N., Vincent, E., & Yamagishi, J. (2024). The VoicePrivacy 2022 Challenge: Progress and perspectives in voice anonymisation. IEEE/ACM Transactions on Audio, Speech, and Language Processing, 32, 3477-3491. https://doi.org/10.1109/TASLP.2024.3430530"
panayotov2015librispeec,"Panayotov, V., Chen, G., Povey, D., & Khudanpur, S",2015,Librispeech: An ASR corpus based on public domain audio books,"IEEE International Conference on Acoustics, Speech and Signal Processing (ICASSP)",5206-5210,10.1109/ICASSP.2015.7178964,https://doi.org/10.1109/ICASSP.2015.7178964,,7,high,"Panayotov, V., Chen, G., Povey, D., & Khudanpur, S. (2015). Librispeech: An ASR corpus based on public domain audio books. IEEE International Conference on Acoustics, Speech and Signal Processing (ICASSP), 5206-5210. https://doi.org/10.1109/ICASSP.2015.7178964"
papineni2002bleu,"Papineni, K., Roukos, S., Ward, T., & Zhu, W.-J",2002,BLEU: A method for automatic evaluation of machine translation,Proceedings of the 40th Annual Meeting of the Association for Computational Linguistics (ACL),311-318,10.3115/1073083.1073135,https://doi.org/10.3115/1073083.1073135,,10,high,"Papineni, K., Roukos, S., Ward, T., & Zhu, W.-J. (2002). BLEU: A method for automatic evaluation of machine translation. Proceedings of the 40th Annual Meeting of the Association for Computational Linguistics (ACL), 311-318. https://doi.org/10.3115/1073083.1073135"
park2019specaugmen,"Park, D. S., Chan, W., Zhang, Y., Chiu, C.-C., Zoph, B., Cubuk, E. D., & Le, Q. V",2019,SpecAugment: A simple data augmentation method for automatic speech recognition,Interspeech,2613-2617,10.21437/Interspeech.2019-2680,https://doi.org/10.21437/Interspeech.2019-2680,,3;4;5;14,high,"Park, D. S., Chan, W., Zhang, Y., Chiu, C.-C., Zoph, B., Cubuk, E. D., & Le, Q. V. (2019). SpecAugment: A simple data augmentation method for automatic speech recognition. Interspeech, 2613-2617. https://doi.org/10.21437/Interspeech.2019-2680"
park2022review,"Park, T. J., Kanda, N., Dimitriadis, D., Han, K. J., Watanabe, S., & Narayanan, S",2022,A review of speaker diarization: Recent advances with deep learning,"Computer Speech & Language, 72, 101317",,10.1016/j.csl.2021.101317,https://doi.org/10.1016/j.csl.2021.101317,,8,high,"Park, T. J., Kanda, N., Dimitriadis, D., Han, K. J., Watanabe, S., & Narayanan, S. (2022). A review of speaker diarization: Recent advances with deep learning. Computer Speech & Language, 72, 101317. https://doi.org/10.1016/j.csl.2021.101317"
popov2021grad,"Popov, V., Vovk, I., Gogoryan, V., Sadekova, T., & Kudinov, M",2021,Grad-TTS: A diffusion probabilistic model for text-to-speech,"Proceedings of the 38th International Conference on Machine Learning (ICML), PMLR 139",8599-8608,,https://proceedings.mlr.press/v139/popov21a.html,4 August 2026,9,high,"Popov, V., Vovk, I., Gogoryan, V., Sadekova, T., & Kudinov, M. (2021). Grad-TTS: A diffusion probabilistic model for text-to-speech. Proceedings of the 38th International Conference on Machine Learning (ICML), PMLR 139, 8599-8608. https://proceedings.mlr.press/v139/popov21a.html Accessed 4 August 2026."
popovic2015chrf,"Popović, M",2015,chrF: Character n-gram F-score for automatic MT evaluation,Proceedings of the Tenth Workshop on Statistical Machine Translation (WMT),392-395,10.18653/v1/W15-3049,https://doi.org/10.18653/v1/W15-3049,,10,high,"Popović, M. (2015). chrF: Character n-gram F-score for automatic MT evaluation. Proceedings of the Tenth Workshop on Statistical Machine Translation (WMT), 392-395. https://doi.org/10.18653/v1/W15-3049"
post2018call,"Post, M",2018,A call for clarity in reporting BLEU scores,Proceedings of the Third Conference on Machine Translation: Research Papers (WMT),186-191,10.18653/v1/W18-6319,https://doi.org/10.18653/v1/W18-6319,,10,high,"Post, M. (2018). A call for clarity in reporting BLEU scores. Proceedings of the Third Conference on Machine Translation: Research Papers (WMT), 186-191. https://doi.org/10.18653/v1/W18-6319"
potamianos2003robust,"Potamianos, A., & Narayanan, S",2003,Robust recognition of children’s speech,"IEEE Transactions on Speech and Audio Processing, 11(6)",603-616,10.1109/TSA.2003.818026,https://doi.org/10.1109/TSA.2003.818026,,12,high,"Potamianos, A., & Narayanan, S. (2003). Robust recognition of children’s speech. IEEE Transactions on Speech and Audio Processing, 11(6), 603-616. https://doi.org/10.1109/TSA.2003.818026"
povey2011kaldi,"Povey, D., Ghoshal, A., Boulianne, G., Burget, L., Glembek, O., Goel, N., Hannemann, M., Motlíček, P., Qian, Y., Schwarz, P., Silovský, J., Stemmer, G., & Veselý, K",2011,The Kaldi Speech Recognition Toolkit,IEEE Workshop on Automatic Speech Recognition and Understanding (ASRU),,,https://publications.idiap.ch/downloads/papers/2012/Povey_ASRU2011_2011.pdf,19 June 2026,3;14,high,"Povey, D., Ghoshal, A., Boulianne, G., Burget, L., Glembek, O., Goel, N., Hannemann, M., Motlíček, P., Qian, Y., Schwarz, P., Silovský, J., Stemmer, G., & Veselý, K. (2011). The Kaldi Speech Recognition Toolkit. IEEE Workshop on Automatic Speech Recognition and Understanding (ASRU). https://publications.idiap.ch/downloads/papers/2012/Povey_ASRU2011_2011.pdf Accessed 19 June 2026."
pratap2024scaling,"Pratap, V., Tjandra, A., Shi, B., Tomasello, P., Babu, A., Kundu, S., Elkahky, A., Ni, Z., Vyas, A., Fazel-Zarandi, M., Baevski, A., Adi, Y., Zhang, X., Hsu, W.-N., Conneau, A., & Auli, M",2024,"Scaling speech technology to 1,000+ languages","Journal of Machine Learning Research, 25(97)",1-52,,https://jmlr.org/papers/v25/23-1318.html,19 June 2026,1;6,high,"Pratap, V., Tjandra, A., Shi, B., Tomasello, P., Babu, A., Kundu, S., Elkahky, A., Ni, Z., Vyas, A., Fazel-Zarandi, M., Baevski, A., Adi, Y., Zhang, X., Hsu, W.-N., Conneau, A., & Auli, M. (2024). Scaling speech technology to 1,000+ languages. Journal of Machine Learning Research, 25(97), 1-52. https://jmlr.org/papers/v25/23-1318.html Accessed 19 June 2026."
qafisheh1990phonology,"Qafisheh, H. A",1990,The phonology of Ṣanʿani Arabic,"Journal of King Saud University, 2(2)",167-182,,,,2,high,"Qafisheh, H. A. (1990). The phonology of Ṣanʿani Arabic. Journal of King Saud University, 2(2), 167-182."
qafisheh1992yemeni,"Qafisheh, H. A",1992,Yemeni Arabic Reference Grammar,"Dunwoody Press, Kensington, MD",,,,,2,high,"Qafisheh, H. A. (1992). Yemeni Arabic Reference Grammar. Dunwoody Press, Kensington, MD."
qi2020stanza,"Qi, P., Zhang, Y., Zhang, Y., Bolton, J., & Manning, C. D",2020,Stanza: A Python Natural Language Processing Toolkit for Many Human Languages,Proceedings of the 58th Annual Meeting of the Association for Computational Linguistics: System Demonstrations (Association for Computational Linguistics),101-108,,https://aclanthology.org/2020.acl-demos.14/,19 June 2026,4,high,"Qi, P., Zhang, Y., Zhang, Y., Bolton, J., & Manning, C. D. (2020). Stanza: A Python Natural Language Processing Toolkit for Many Human Languages. Proceedings of the 58th Annual Meeting of the Association for Computational Linguistics: System Demonstrations (Association for Computational Linguistics), 101-108. https://aclanthology.org/2020.acl-demos.14/ Accessed 19 June 2026."
qian2023survey,"Qian, Z., Xiao, K., & Yu, C",2023,A survey of technologies for automatic dysarthric speech recognition,"EURASIP Journal on Audio, Speech, and Music Processing, 2023, 48",,10.1186/s13636-023-00318-2,https://doi.org/10.1186/s13636-023-00318-2,,12,high,"Qian, Z., Xiao, K., & Yu, C. (2023). A survey of technologies for automatic dysarthric speech recognition. EURASIP Journal on Audio, Speech, and Music Processing, 2023, 48. https://doi.org/10.1186/s13636-023-00318-2"
qwen2025qwen,Qwen Team,2025,Qwen2.5-Omni technical report,arXiv preprint arXiv:2503.20215,,,https://arxiv.org/abs/2503.20215,,11,medium,Qwen Team. (2025). Qwen2.5-Omni technical report. arXiv preprint arXiv:2503.20215. https://arxiv.org/abs/2503.20215
rabiner1989tutorial,"Rabiner, L. R",1989,A tutorial on hidden Markov models and selected applications in speech recognition,"Proceedings of the IEEE, 77(2)",257-286,10.1109/5.18626,https://doi.org/10.1109/5.18626,,1;4,high,"Rabiner, L. R. (1989). A tutorial on hidden Markov models and selected applications in speech recognition. Proceedings of the IEEE, 77(2), 257-286. https://doi.org/10.1109/5.18626"
rabiner2007introducti,"Rabiner, L. R., & Schafer, R. W",2007,Introduction to Digital Speech Processing,"Foundations and Trends in Signal Processing, 1(1-2)",1-194,10.1561/2000000001,https://doi.org/10.1561/2000000001,,3,high,"Rabiner, L. R., & Schafer, R. W. (2007). Introduction to Digital Speech Processing. Foundations and Trends in Signal Processing, 1(1-2), 1-194. https://doi.org/10.1561/2000000001"
radford2023robust,"Radford, A., Kim, J. W., Xu, T., Brockman, G., McLeavey, C., & Sutskever, I",2023,Robust Speech Recognition via Large-Scale Weak Supervision,"Proceedings of the 40th International Conference on Machine Learning (ICML), PMLR 202",28492-28518,,https://proceedings.mlr.press/v202/radford23a.html,19 June 2026,1;3;5;6;8;10;11;12,high,"Radford, A., Kim, J. W., Xu, T., Brockman, G., McLeavey, C., & Sutskever, I. (2023). Robust Speech Recognition via Large-Scale Weak Supervision. Proceedings of the 40th International Conference on Machine Learning (ICML), PMLR 202, 28492-28518. https://proceedings.mlr.press/v202/radford23a.html Accessed 19 June 2026."
rahman2024arabic,"Rahman, A., Kabir, M. M., Mridha, M. F., Alatiyyah, M., Alhasson, H. F., & Alharbi, S. S",2024,Arabic speech recognition: Advancement and challenges,IEEE Access,,10.1109/ACCESS.2024.3376237,https://doi.org/10.1109/ACCESS.2024.3376237,,1,high,"Rahman, A., Kabir, M. M., Mridha, M. F., Alatiyyah, M., Alhasson, H. F., & Alharbi, S. S. (2024). Arabic speech recognition: Advancement and challenges. IEEE Access. https://doi.org/10.1109/ACCESS.2024.3376237"
ravanelli2021speechbrai,"Ravanelli, M., Parcollet, T., Plantinga, P., Rouhe, A., Cornell, S., Lugosch, L., Subakan, C., Dawalatabad, N., Heba, A., Zhong, J., Chou, J.-C., Yeh, S.-L., Fu, S.-W., Liao, C.-F., Rastorgueva, E., Grondin, F., Aris, W., Na, H., Gao, Y., De Mori, R., & Bengio, Y",2021,SpeechBrain: A General-Purpose Speech Toolkit,arXiv:2106.04624,,,https://arxiv.org/abs/2106.04624,,3,medium,"Ravanelli, M., Parcollet, T., Plantinga, P., Rouhe, A., Cornell, S., Lugosch, L., Subakan, C., Dawalatabad, N., Heba, A., Zhong, J., Chou, J.-C., Yeh, S.-L., Fu, S.-W., Liao, C.-F., Rastorgueva, E., Grondin, F., Aris, W., Na, H., Gao, Y., De Mori, R., & Bengio, Y. (2021). SpeechBrain: A General-Purpose Speech Toolkit. arXiv:2106.04624. https://arxiv.org/abs/2106.04624"
rei2020comet,"Rei, R., Stewart, C., Farinha, A. C., & Lavie, A",2020,COMET: A neural framework for MT evaluation,Proceedings of the 2020 Conference on Empirical Methods in Natural Language Processing (EMNLP),2685-2702,10.18653/v1/2020.emnlp-main.213,https://doi.org/10.18653/v1/2020.emnlp-main.213,,10,high,"Rei, R., Stewart, C., Farinha, A. C., & Lavie, A. (2020). COMET: A neural framework for MT evaluation. Proceedings of the 2020 Conference on Empirical Methods in Natural Language Processing (EMNLP), 2685-2702. https://doi.org/10.18653/v1/2020.emnlp-main.213"
ren2021fastspeech,"Ren, Y., Hu, C., Tan, X., Qin, T., Zhao, S., Zhao, Z., & Liu, T.-Y",2021,FastSpeech 2: Fast and high-quality end-to-end text to speech,International Conference on Learning Representations (ICLR). arXiv preprint arXiv:2006.04558,,,https://arxiv.org/abs/2006.04558,,9,high,"Ren, Y., Hu, C., Tan, X., Qin, T., Zhao, S., Zhao, Z., & Liu, T.-Y. (2021). FastSpeech 2: Fast and high-quality end-to-end text to speech. International Conference on Learning Representations (ICLR). arXiv preprint arXiv:2006.04558. https://arxiv.org/abs/2006.04558"
rubenstein2023audiopalm,"Rubenstein, P. K., Asawaroengchai, C., Nguyen, D. D., Bapna, A., Borsos, Z., de Chaumont Quitry, F., Chen, P., El Badawy, D., Han, W., Kharitonov, E., Muckenhirn, H., Padfield, D., Qin, J., Rozenberg, D., Sainath, T., Schalkwyk, J., Sharifi, M., Tadmor Ramanovich, M., Tagliasacchi, M., Tudor, A., Velimirović, M., Vincent, D., Yu, J., Wang, Y., Zayats, V., Zeghidour, N., Zhang, Y., Zhang, Z., Zilka, L., & Frank, C",2023,AudioPaLM: A large language model that can speak and listen,arXiv preprint arXiv:2306.12925,,,https://arxiv.org/abs/2306.12925,,11,medium,"Rubenstein, P. K., Asawaroengchai, C., Nguyen, D. D., Bapna, A., Borsos, Z., de Chaumont Quitry, F., Chen, P., El Badawy, D., Han, W., Kharitonov, E., Muckenhirn, H., Padfield, D., Qin, J., Rozenberg, D., Sainath, T., Schalkwyk, J., Sharifi, M., Tadmor Ramanovich, M., Tagliasacchi, M., Tudor, A., Velimirović, M., Vincent, D., Yu, J., Wang, Y., Zayats, V., Zeghidour, N., Zhang, Y., Zhang, Z., Zilka, L., & Frank, C. (2023). AudioPaLM: A large language model that can speak and listen. arXiv preprint arXiv:2306.12925. https://arxiv.org/abs/2306.12925"
sajjad2020arabench,"Sajjad, H., Abdelali, A., Durrani, N., & Dalvi, F",2020,AraBench: Benchmarking dialectal Arabic-English machine translation,Proceedings of the 28th International Conference on Computational Linguistics (COLING),5094-5107,10.18653/v1/2020.coling-main.447,https://doi.org/10.18653/v1/2020.coling-main.447,,10,high,"Sajjad, H., Abdelali, A., Durrani, N., & Dalvi, F. (2020). AraBench: Benchmarking dialectal Arabic-English machine translation. Proceedings of the 28th International Conference on Computational Linguistics (COLING), 5094-5107. https://doi.org/10.18653/v1/2020.coling-main.447"
sakoe1978dynamic,"Sakoe, H., & Chiba, S",1978,Dynamic programming algorithm optimization for spoken word recognition,"IEEE Transactions on Acoustics, Speech, and Signal Processing, 26(1)",43-49,10.1109/TASSP.1978.1163055,https://doi.org/10.1109/TASSP.1978.1163055,,1,high,"Sakoe, H., & Chiba, S. (1978). Dynamic programming algorithm optimization for spoken word recognition. IEEE Transactions on Acoustics, Speech, and Signal Processing, 26(1), 43-49. https://doi.org/10.1109/TASSP.1978.1163055"
salhab2024araspot,"Salhab, M., & Harmanani, H",2024,AraSpot: Arabic spoken command spotting,ACM Transactions on Asian and Low-Resource Language Information Processing,,10.1145/3674968,https://doi.org/10.1145/3674968,,1,high,"Salhab, M., & Harmanani, H. (2024). AraSpot: Arabic spoken command spotting. ACM Transactions on Asian and Low-Resource Language Information Processing. https://doi.org/10.1145/3674968"
san2024proactive,"San Roman, R., Fernandez, P., Elsahar, H., Défossez, A., Furon, T., & Tran, T",2024,Proactive detection of voice cloning with localized watermarking,"Proceedings of the 41st International Conference on Machine Learning, PMLR 235",43180-43196,,https://proceedings.mlr.press/v235/san-roman24a.html,10 August 2026,13,high,"San Roman, R., Fernandez, P., Elsahar, H., Défossez, A., Furon, T., & Tran, T. (2024). Proactive detection of voice cloning with localized watermarking. Proceedings of the 41st International Conference on Machine Learning, PMLR 235, 43180-43196. https://proceedings.mlr.press/v235/san-roman24a.html Accessed 10 August 2026."
saudi2023personal,Saudi Authority for Data and Artificial Intelligence,2023,"Personal Data Protection Law, issued by Royal Decree M/19 of 16 September 2021, amended by Royal Decree M/148 of 27 March 2023, in force from 14 September 2023",Kingdom of Saudi Arabia,,,https://sdaia.gov.sa/en/SDAIA/about/Pages/RegulationsAndPolicies.aspx,10 August 2026,13,high,"Saudi Authority for Data and Artificial Intelligence. (2023). Personal Data Protection Law, issued by Royal Decree M/19 of 16 September 2021, amended by Royal Decree M/148 of 27 March 2023, in force from 14 September 2023. Kingdom of Saudi Arabia. https://sdaia.gov.sa/en/SDAIA/about/Pages/RegulationsAndPolicies.aspx Accessed 10 August 2026."
schick2023toolformer,"Schick, T., Dwivedi-Yu, J., Dessì, R., Raileanu, R., Lomeli, M., Hambro, E., Zettlemoyer, L., Cancedda, N., & Scialom, T",2023,Toolformer: Language models can teach themselves to use tools,Advances in Neural Information Processing Systems 36 (NeurIPS),68539-68551,10.52202/075280-2997,https://doi.org/10.52202/075280-2997,,11,high,"Schick, T., Dwivedi-Yu, J., Dessì, R., Raileanu, R., Lomeli, M., Hambro, E., Zettlemoyer, L., Cancedda, N., & Scialom, T. (2023). Toolformer: Language models can teach themselves to use tools. Advances in Neural Information Processing Systems 36 (NeurIPS), 68539-68551. https://doi.org/10.52202/075280-2997"
schoeffler2018webmushra,"Schoeffler, M., Bartoschek, S., Stöter, F.-R., Roess, M., Westphal, S., Edler, B., & Herre, J",2018,webMUSHRA: A comprehensive framework for web-based listening tests,"Journal of Open Research Software, 6(1), 8",,10.5334/jors.187,https://doi.org/10.5334/jors.187,,9,high,"Schoeffler, M., Bartoschek, S., Stöter, F.-R., Roess, M., Westphal, S., Edler, B., & Herre, J. (2018). webMUSHRA: A comprehensive framework for web-based listening tests. Journal of Open Research Software, 6(1), 8. https://doi.org/10.5334/jors.187"
schwab1985some,"Schwab, E. C., Nusbaum, H. C., & Pisoni, D. B",1985,Some effects of training on the perception of synthetic speech,"Human Factors, 27(4)",395-408,10.1177/001872088502700404,https://doi.org/10.1177/001872088502700404,,9,high,"Schwab, E. C., Nusbaum, H. C., & Pisoni, D. B. (1985). Some effects of training on the perception of synthetic speech. Human Factors, 27(4), 395-408. https://doi.org/10.1177/001872088502700404"
seamless2023seamless,Seamless Communication,2023,Seamless: Multilingual expressive and streaming speech translation,arXiv preprint arXiv:2312.05187,,,https://arxiv.org/abs/2312.05187,,10,medium,Seamless Communication. (2023). Seamless: Multilingual expressive and streaming speech translation. arXiv preprint arXiv:2312.05187. https://arxiv.org/abs/2312.05187
seamless2025joint,Seamless Communication,2025,Joint speech and text machine translation for up to 100 languages,"Nature, 637(8046)",587-593,10.1038/s41586-024-08359-z,https://doi.org/10.1038/s41586-024-08359-z,,6;10,high,"Seamless Communication. (2025). Joint speech and text machine translation for up to 100 languages. Nature, 637(8046), 587-593. https://doi.org/10.1038/s41586-024-08359-z"
sengupta2023jais,"Sengupta, N., Sahu, S. K., Jia, B., Katipomu, S., Li, H., Koto, F., Marshall, W., Gosal, G., Liu, C., Chen, Z., Afzal, O. M., Kamboj, S., Pandit, O., Pal, R., Pradhan, L., Mujahid, Z. M., Baali, M., Han, X., Bsharat, S. M., Aji, A. F., Shen, Z., Liu, Z., Vassilieva, N., Hestness, J., Hock, A., Feldman, A., Lee, J., Jackson, A., Ren, H. X., Nakov, P., Baldwin, T., & Xing, E",2023,Jais and Jais-chat: Arabic-centric foundation and instruction-tuned open generative large language models,arXiv preprint arXiv:2308.16149,,,https://arxiv.org/abs/2308.16149,,11,medium,"Sengupta, N., Sahu, S. K., Jia, B., Katipomu, S., Li, H., Koto, F., Marshall, W., Gosal, G., Liu, C., Chen, Z., Afzal, O. M., Kamboj, S., Pandit, O., Pal, R., Pradhan, L., Mujahid, Z. M., Baali, M., Han, X., Bsharat, S. M., Aji, A. F., Shen, Z., Liu, Z., Vassilieva, N., Hestness, J., Hock, A., Feldman, A., Lee, J., Jackson, A., Ren, H. X., Nakov, P., Baldwin, T., & Xing, E. (2023). Jais and Jais-chat: Arabic-centric foundation and instruction-tuned open generative large language models. arXiv preprint arXiv:2308.16149. https://arxiv.org/abs/2308.16149"
sennrich2016neural,"Sennrich, R., Haddow, B., & Birch, A",2016,Neural Machine Translation of Rare Words with Subword Units,Proceedings of the 54th Annual Meeting of the Association for Computational Linguistics (Volume 1: Long Papers),1715-1725,10.18653/v1/P16-1162,https://doi.org/10.18653/v1/P16-1162,,4;5,high,"Sennrich, R., Haddow, B., & Birch, A. (2016). Neural Machine Translation of Rare Words with Subword Units. Proceedings of the 54th Annual Meeting of the Association for Computational Linguistics (Volume 1: Long Papers), 1715-1725. https://doi.org/10.18653/v1/P16-1162"
shen2018natural,"Shen, J., Pang, R., Weiss, R. J., Schuster, M., Jaitly, N., Yang, Z., Chen, Z., Zhang, Y., Wang, Y., Skerry-Ryan, R. J., Saurous, R. A., Agiomyrgiannakis, Y., & Wu, Y",2018,Natural TTS synthesis by conditioning WaveNet on mel spectrogram predictions,"IEEE International Conference on Acoustics, Speech and Signal Processing (ICASSP)",4779-4783,10.1109/ICASSP.2018.8461368,https://doi.org/10.1109/ICASSP.2018.8461368,,9,high,"Shen, J., Pang, R., Weiss, R. J., Schuster, M., Jaitly, N., Yang, Z., Chen, Z., Zhang, Y., Wang, Y., Skerry-Ryan, R. J., Saurous, R. A., Agiomyrgiannakis, Y., & Wu, Y. (2018). Natural TTS synthesis by conditioning WaveNet on mel spectrogram predictions. IEEE International Conference on Acoustics, Speech and Signal Processing (ICASSP), 4779-4783. https://doi.org/10.1109/ICASSP.2018.8461368"
shon2020fine,"Shon, S., Ali, A., Samih, Y., Mubarak, H., & Glass, J",2020,ADI17: A fine-grained Arabic dialect identification dataset,"IEEE International Conference on Acoustics, Speech and Signal Processing (ICASSP)",8244-8248,10.1109/ICASSP40776.2020.9052982,https://doi.org/10.1109/ICASSP40776.2020.9052982,,8,high,"Shon, S., Ali, A., Samih, Y., Mubarak, H., & Glass, J. (2020). ADI17: A fine-grained Arabic dialect identification dataset. IEEE International Conference on Acoustics, Speech and Signal Processing (ICASSP), 8244-8248. https://doi.org/10.1109/ICASSP40776.2020.9052982"
shor2019personaliz,"Shor, J., Emanuel, D., Lang, O., Tuval, O., Brenner, M., Cattiau, J., Vieira, F., McNally, M., Charbonneau, T., Nollstadt, M., Hassidim, A., & Matias, Y",2019,Personalizing ASR for dysarthric and accented speech with limited data,Interspeech 2019,784-788,10.21437/Interspeech.2019-1427,https://doi.org/10.21437/Interspeech.2019-1427,,12,high,"Shor, J., Emanuel, D., Lang, O., Tuval, O., Brenner, M., Cattiau, J., Vieira, F., McNally, M., Charbonneau, T., Nollstadt, M., Hassidim, A., & Matias, Y. (2019). Personalizing ASR for dysarthric and accented speech with limited data. Interspeech 2019, 784-788. https://doi.org/10.21437/Interspeech.2019-1427"
sidig2021karsl,"Sidig, A. A. I., Luqman, H., Mahmoud, S., & Mohandes, M",2021,KArSL: Arabic sign language database,"ACM Transactions on Asian and Low-Resource Language Information Processing, 20(1)",1-19,10.1145/3423420,https://doi.org/10.1145/3423420,,12,high,"Sidig, A. A. I., Luqman, H., Mahmoud, S., & Mohandes, M. (2021). KArSL: Arabic sign language database. ACM Transactions on Asian and Low-Resource Language Information Processing, 20(1), 1-19. https://doi.org/10.1145/3423420"
sinisetty2021commonlang,"Sinisetty, G., Ruban, P., Dymov, O., & Ravanelli, M",2021,"CommonLanguage [data set], version 0.1",Zenodo,,10.5281/zenodo.5036977,https://doi.org/10.5281/zenodo.5036977,,7,high,"Sinisetty, G., Ruban, P., Dymov, O., & Ravanelli, M. (2021). CommonLanguage [data set], version 0.1. Zenodo. https://doi.org/10.5281/zenodo.5036977"
slaney1998auditory,"Slaney, M",1998,Auditory Toolbox: A MATLAB toolbox for auditory modeling work (version 2),"Technical Report 1998-010, Interval Research Corporation",,,https://engineering.purdue.edu/~malcolm/interval/1998-010/,19 June 2026,3,high,"Slaney, M. (1998). Auditory Toolbox: A MATLAB toolbox for auditory modeling work (version 2). Technical Report 1998-010, Interval Research Corporation. https://engineering.purdue.edu/~malcolm/interval/1998-010/ Accessed 19 June 2026."
snyder2018spoken,"Snyder, D., Garcia-Romero, D., McCree, A., Sell, G., Povey, D., & Khudanpur, S",2018,Spoken language recognition using x-vectors,The Speaker and Language Recognition Workshop (Odyssey),105-111,10.21437/Odyssey.2018-15,https://doi.org/10.21437/Odyssey.2018-15,,8,high,"Snyder, D., Garcia-Romero, D., McCree, A., Sell, G., Povey, D., & Khudanpur, S. (2018). Spoken language recognition using x-vectors. The Speaker and Language Recognition Workshop (Odyssey), 105-111. https://doi.org/10.21437/Odyssey.2018-15"
srivastav2025open,"Srivastav, V., Zheng, S., Bezzam, E., Le Bihan, E., Koluguri, N. R., Żelasko, P., Majumdar, S., Moumen, A., & Gandhi, S",2025,Open ASR Leaderboard: Towards Reproducible and Transparent Multilingual and Long-Form Speech Recognition Evaluation,arXiv:2510.06961,,,https://arxiv.org/abs/2510.06961,,6,medium,"Srivastav, V., Zheng, S., Bezzam, E., Le Bihan, E., Koluguri, N. R., Żelasko, P., Majumdar, S., Moumen, A., & Gandhi, S. (2025). Open ASR Leaderboard: Towards Reproducible and Transparent Multilingual and Long-Form Speech Recognition Evaluation. arXiv:2510.06961. https://arxiv.org/abs/2510.06961"
stevens1937scale,"Stevens, S. S., Volkmann, J., & Newman, E. B",1937,A Scale for the Measurement of the Psychological Magnitude Pitch,"The Journal of the Acoustical Society of America, 8(3)",185-190,10.1121/1.1915893,https://doi.org/10.1121/1.1915893,,3,high,"Stevens, S. S., Volkmann, J., & Newman, E. B. (1937). A Scale for the Measurement of the Psychological Magnitude Pitch. The Journal of the Acoustical Society of America, 8(3), 185-190. https://doi.org/10.1121/1.1915893"
sukhadia2026harness,"Sukhadia, V. N., & Chowdhury, S. A",2026,HARNESS: Lightweight distilled Arabic speech foundation models,"Proceedings of SPEAKABLE @ LREC 2026, 109-117. ELRA Language Resources Association. arXiv:2604.14186",,,https://arxiv.org/abs/2604.14186,,6,high,"Sukhadia, V. N., & Chowdhury, S. A. (2026). HARNESS: Lightweight distilled Arabic speech foundation models. Proceedings of SPEAKABLE @ LREC 2026, 109-117. ELRA Language Resources Association. arXiv:2604.14186. https://arxiv.org/abs/2604.14186"
taal2011algorithm,"Taal, C. H., Hendriks, R. C., Heusdens, R., & Jensen, J",2011,An algorithm for intelligibility prediction of time-frequency weighted noisy speech,"IEEE Transactions on Audio, Speech, and Language Processing, 19(7)",2125-2136,10.1109/TASL.2011.2114881,https://doi.org/10.1109/TASL.2011.2114881,,8,high,"Taal, C. H., Hendriks, R. C., Heusdens, R., & Jensen, J. (2011). An algorithm for intelligibility prediction of time-frequency weighted noisy speech. IEEE Transactions on Audio, Speech, and Language Processing, 19(7), 2125-2136. https://doi.org/10.1109/TASL.2011.2114881"
talafha2024casablanca,"Talafha, B., Kadaoui, K., Magdy, S. M., Habiboullah, M., Chafei, C. M., El-Shangiti, A. O., Zayed, H., Tourad, M. C., Alhamouri, R., Assi, R., Alraeesi, A., Mohamed, H., Alwajih, F., Mohamed, A., El Mekki, A., Nagoudi, E. M. B., Saadia, B. D. M., Alsayadi, H. A., Al-Dhabyani, W., Shatnawi, S., Ech-chammakhy, Y., Makouar, A., Berrachedi, Y., Jarrar, M., Shehata, S., Berrada, I., & Abdul-Mageed, M",2024,Casablanca: Data and Models for Multidialectal Arabic Speech Recognition,Proceedings of the 2024 Conference on Empirical Methods in Natural Language Processing,21745-21758,10.18653/v1/2024.emnlp-main.1211,https://doi.org/10.18653/v1/2024.emnlp-main.1211,,5;7;8,high,"Talafha, B., Kadaoui, K., Magdy, S. M., Habiboullah, M., Chafei, C. M., El-Shangiti, A. O., Zayed, H., Tourad, M. C., Alhamouri, R., Assi, R., Alraeesi, A., Mohamed, H., Alwajih, F., Mohamed, A., El Mekki, A., Nagoudi, E. M. B., Saadia, B. D. M., Alsayadi, H. A., Al-Dhabyani, W., Shatnawi, S., Ech-chammakhy, Y., Makouar, A., Berrachedi, Y., Jarrar, M., Shehata, S., Berrada, I., & Abdul-Mageed, M. (2024). Casablanca: Data and Models for Multidialectal Arabic Speech Recognition. Proceedings of the 2024 Conference on Empirical Methods in Natural Language Processing, 21745-21758. https://doi.org/10.18653/v1/2024.emnlp-main.1211"
talafha2025nadi,"Talafha, B., Toyin, H. O., Sullivan, P., Elmadany, A. A., Juma, A., Djanibekov, A., Zhang, C., Alshehhi, H., Aldarmaki, H., Jarrar, M., Habash, N., & Abdul-Mageed, M",2025,NADI 2025: The first multidialectal Arabic speech processing shared task,Proceedings of the Third Arabic Natural Language Processing Conference: Shared Tasks (ArabicNLP),720-733,,https://aclanthology.org/2025.arabicnlp-sharedtasks.99/,19 June 2026,1;7;8,high,"Talafha, B., Toyin, H. O., Sullivan, P., Elmadany, A. A., Juma, A., Djanibekov, A., Zhang, C., Alshehhi, H., Aldarmaki, H., Jarrar, M., Habash, N., & Abdul-Mageed, M. (2025). NADI 2025: The first multidialectal Arabic speech processing shared task. Proceedings of the Third Arabic Natural Language Processing Conference: Shared Tasks (ArabicNLP), 720-733. https://aclanthology.org/2025.arabicnlp-sharedtasks.99/ Accessed 19 June 2026."
talafha2023shot,"Talafha, B., Waheed, A., & Abdul-Mageed, M",2023,N-Shot Benchmarking of Whisper on Diverse Arabic Speech Recognition,Interspeech,5092-5096,10.21437/Interspeech.2023-1044,https://doi.org/10.21437/Interspeech.2023-1044,,5;6,high,"Talafha, B., Waheed, A., & Abdul-Mageed, M. (2023). N-Shot Benchmarking of Whisper on Diverse Arabic Speech Recognition. Interspeech, 5092-5096. https://doi.org/10.21437/Interspeech.2023-1044"
tang2024salmonn,"Tang, C., Yu, W., Sun, G., Chen, X., Tan, T., Li, W., Lu, L., Ma, Z., & Zhang, C",2024,SALMONN: Towards generic hearing abilities for large language models,International Conference on Learning Representations (ICLR),,,https://openreview.net/forum?id=14rn7HpKVk,7 August 2026,11,high,"Tang, C., Yu, W., Sun, G., Chen, X., Tan, T., Li, W., Lu, L., Ma, Z., & Zhang, C. (2024). SALMONN: Towards generic hearing abilities for large language models. International Conference on Learning Representations (ICLR). https://openreview.net/forum?id=14rn7HpKVk Accessed 7 August 2026."
taylor2009text,"Taylor, P",2009,Text-to-speech synthesis,Cambridge University Press,,10.1017/CBO9780511816338,https://doi.org/10.1017/CBO9780511816338,,9,high,"Taylor, P. (2009). Text-to-speech synthesis. Cambridge University Press. https://doi.org/10.1017/CBO9780511816338"
tobin2024automatic,"Tobin, J., Nelson, P., MacDonald, B., Heywood, R., Cave, R., Seaver, K., Desjardins, A., Jiang, P.-P., & Green, J. R",2024,Automatic speech recognition of conversational speech in individuals with disordered speech,"Journal of Speech, Language, and Hearing Research, 67(11)",4176-4185,10.1044/2024_JSLHR-24-00045,https://doi.org/10.1044/2024_JSLHR-24-00045,,12,high,"Tobin, J., Nelson, P., MacDonald, B., Heywood, R., Cave, R., Seaver, K., Desjardins, A., Jiang, P.-P., & Green, J. R. (2024). Automatic speech recognition of conversational speech in individuals with disordered speech. Journal of Speech, Language, and Hearing Research, 67(11), 4176-4185. https://doi.org/10.1044/2024_JSLHR-24-00045"
tomashenko2020introducin,"Tomashenko, N., Srivastava, B. M. L., Wang, X., Vincent, E., Nautsch, A., Yamagishi, J., Evans, N., Patino, J., Bonastre, J.-F., Noé, P.-G., & Todisco, M",2020,Introducing the VoicePrivacy initiative,Interspeech,1693-1697,10.21437/Interspeech.2020-1333,https://doi.org/10.21437/Interspeech.2020-1333,,7,high,"Tomashenko, N., Srivastava, B. M. L., Wang, X., Vincent, E., Nautsch, A., Yamagishi, J., Evans, N., Patino, J., Bonastre, J.-F., Noé, P.-G., & Todisco, M. (2020). Introducing the VoicePrivacy initiative. Interspeech, 1693-1697. https://doi.org/10.21437/Interspeech.2020-1333"
toyin2023artst,"Toyin, H. O., Djanibekov, A., Kulkarni, A., & Aldarmaki, H",2023,ArTST: Arabic text and speech transformer,Proceedings of ArabicNLP 2023,41-51,10.18653/v1/2023.arabicnlp-1.5,https://doi.org/10.18653/v1/2023.arabicnlp-1.5,,1;6,high,"Toyin, H. O., Djanibekov, A., Kulkarni, A., & Aldarmaki, H. (2023). ArTST: Arabic text and speech transformer. Proceedings of ArabicNLP 2023, 41-51. https://doi.org/10.18653/v1/2023.arabicnlp-1.5"
toyin2025arvoice,"Toyin, H. O., Marew, R., Alblooshi, H., Magdy, S. M., & Aldarmaki, H",2025,ArVoice: A multi-speaker dataset for Arabic speech synthesis,Interspeech,4808-4812,10.21437/Interspeech.2025-1550,https://doi.org/10.21437/Interspeech.2025-1550,,3;9;14,high,"Toyin, H. O., Marew, R., Alblooshi, H., Magdy, S. M., & Aldarmaki, H. (2025). ArVoice: A multi-speaker dataset for Arabic speech synthesis. Interspeech, 4808-4812. https://doi.org/10.21437/Interspeech.2025-1550"
tur2011spoken,"Tur, G., & De Mori, R. (Eds.)",2011,Spoken language understanding: Systems for extracting semantic information from speech,Wiley,,10.1002/9781119992691,https://doi.org/10.1002/9781119992691,,10,high,"Tur, G., & De Mori, R. (Eds.). (2011). Spoken language understanding: Systems for extracting semantic information from speech. Wiley. https://doi.org/10.1002/9781119992691"
van2021digital,"van Buchem, M. M., Boosman, H., Bauer, M. P., Kant, I. M. J., Cammel, S. A., & Steyerberg, E. W",2021,"The digital scribe in clinical practice: A scoping review and research agenda. npj Digital Medicine, 4, 57",,,10.1038/s41746-021-00432-5,https://doi.org/10.1038/s41746-021-00432-5,,12,medium,"van Buchem, M. M., Boosman, H., Bauer, M. P., Kant, I. M. J., Cammel, S. A., & Steyerberg, E. W. (2021). The digital scribe in clinical practice: A scoping review and research agenda. npj Digital Medicine, 4, 57. https://doi.org/10.1038/s41746-021-00432-5"
van2016wavenet,"van den Oord, A., Dieleman, S., Zen, H., Simonyan, K., Vinyals, O., Graves, A., Kalchbrenner, N., Senior, A., & Kavukcuoglu, K",2016,WaveNet: A generative model for raw audio,"9th ISCA Workshop on Speech Synthesis (SSW), 125",,,https://www.isca-archive.org/ssw_2016/vandenoord16_ssw.html,4 August 2026,9,high,"van den Oord, A., Dieleman, S., Zen, H., Simonyan, K., Vinyals, O., Graves, A., Kalchbrenner, N., Senior, A., & Kavukcuoglu, K. (2016). WaveNet: A generative model for raw audio. 9th ISCA Workshop on Speech Synthesis (SSW), 125. https://www.isca-archive.org/ssw_2016/vandenoord16_ssw.html Accessed 4 August 2026."
van2018representa,"van den Oord, A., Li, Y., & Vinyals, O",2018,Representation learning with contrastive predictive coding,arXiv:1807.03748,,,https://arxiv.org/abs/1807.03748,,6,medium,"van den Oord, A., Li, Y., & Vinyals, O. (2018). Representation learning with contrastive predictive coding. arXiv:1807.03748. https://arxiv.org/abs/1807.03748"
van2008visualizin,"van der Maaten, L., & Hinton, G",2008,Visualizing data using t-SNE,"Journal of Machine Learning Research, 9",2579-2605,,https://www.jmlr.org/papers/v9/vandermaaten08a.html,30 July 2026,8,high,"van der Maaten, L., & Hinton, G. (2008). Visualizing data using t-SNE. Journal of Machine Learning Research, 9, 2579-2605. https://www.jmlr.org/papers/v9/vandermaaten08a.html Accessed 30 July 2026."
van2024adapted,"Van Veen, D., Van Uden, C., Blankemeier, L., Delbrouck, J.-B., Aali, A., Bluethgen, C., Pareek, A., Polacin, M., Reis, E. P., Seehofnerová, A., Rohatgi, N., Hosamani, P., Collins, W., Ahuja, N., Langlotz, C. P., Hom, J., Gatidis, S., Pauly, J., & Chaudhari, A. S",2024,Adapted large language models can outperform medical experts in clinical text summarization,"Nature Medicine, 30(4)",1134-1142,10.1038/s41591-024-02855-5,https://doi.org/10.1038/s41591-024-02855-5,,12,high,"Van Veen, D., Van Uden, C., Blankemeier, L., Delbrouck, J.-B., Aali, A., Bluethgen, C., Pareek, A., Polacin, M., Reis, E. P., Seehofnerová, A., Rohatgi, N., Hosamani, P., Collins, W., Ahuja, N., Langlotz, C. P., Hom, J., Gatidis, S., Pauly, J., & Chaudhari, A. S. (2024). Adapted large language models can outperform medical experts in clinical text summarization. Nature Medicine, 30(4), 1134-1142. https://doi.org/10.1038/s41591-024-02855-5"
vaswani2017attention,"Vaswani, A., Shazeer, N., Parmar, N., Uszkoreit, J., Jones, L., Gomez, A. N., Kaiser, L., & Polosukhin, I",2017,Attention is all you need,Advances in Neural Information Processing Systems 30 (NeurIPS),5998-6008,,https://proceedings.neurips.cc/paper/2017/hash/3f5ee243547dee91fbd053c1c4a845aa-Abstract.html,19 June 2026,1;4;5;11,high,"Vaswani, A., Shazeer, N., Parmar, N., Uszkoreit, J., Jones, L., Gomez, A. N., Kaiser, L., & Polosukhin, I. (2017). Attention is all you need. Advances in Neural Information Processing Systems 30 (NeurIPS), 5998-6008. https://proceedings.neurips.cc/paper/2017/hash/3f5ee243547dee91fbd053c1c4a845aa-Abstract.html Accessed 19 June 2026."
versteegh2014arabic,"Versteegh, K",2014,The Arabic Language (2nd ed.),Edinburgh University Press,,10.1515/9780748645299,https://doi.org/10.1515/9780748645299,,1;2,high,"Versteegh, K. (2014). The Arabic Language (2nd ed.). Edinburgh University Press. https://doi.org/10.1515/9780748645299"
waheed2023voxarabica,"Waheed, A., Talafha, B., Sullivan, P., Elmadany, A., & Abdul-Mageed, M",2023,VoxArabica: A robust dialect-aware Arabic speech recognition system,Proceedings of ArabicNLP 2023,441-449,,https://aclanthology.org/2023.arabicnlp-1.38/,30 July 2026,8,high,"Waheed, A., Talafha, B., Sullivan, P., Elmadany, A., & Abdul-Mageed, M. (2023). VoxArabica: A robust dialect-aware Arabic speech recognition system. Proceedings of ArabicNLP 2023, 441-449. https://aclanthology.org/2023.arabicnlp-1.38/ Accessed 30 July 2026."
wang2023neural,"Wang, C., Chen, S., Wu, Y., Zhang, Z., Zhou, L., Liu, S., Chen, Z., Liu, Y., Wang, H., Li, J., He, L., Zhao, S., & Wei, F",2023,Neural codec language models are zero-shot text to speech synthesizers,arXiv preprint arXiv:2301.02111,,,https://arxiv.org/abs/2301.02111,,9,medium,"Wang, C., Chen, S., Wu, Y., Zhang, Z., Zhou, L., Liu, S., Chen, Z., Liu, Y., Wang, H., Li, J., He, L., Zhao, S., & Wei, F. (2023). Neural codec language models are zero-shot text to speech synthesizers. arXiv preprint arXiv:2301.02111. https://arxiv.org/abs/2301.02111"
wang2021covost,"Wang, C., Wu, A., Gu, J., & Pino, J",2021,CoVoST 2 and massively multilingual speech translation,Interspeech,2247-2251,10.21437/Interspeech.2021-2027,https://doi.org/10.21437/Interspeech.2021-2027,,1;10,high,"Wang, C., Wu, A., Gu, J., & Pino, J. (2021). CoVoST 2 and massively multilingual speech translation. Interspeech, 2247-2251. https://doi.org/10.21437/Interspeech.2021-2027"
wang2018supervised,"Wang, D., & Chen, J",2018,Supervised speech separation based on deep learning: An overview,"IEEE/ACM Transactions on Audio, Speech, and Language Processing, 26(10)",1702-1726,10.1109/TASLP.2018.2842159,https://doi.org/10.1109/TASLP.2018.2842159,,8,high,"Wang, D., & Chen, J. (2018). Supervised speech separation based on deep learning: An overview. IEEE/ACM Transactions on Audio, Speech, and Language Processing, 26(10), 1702-1726. https://doi.org/10.1109/TASLP.2018.2842159"
wang2026asvspoof,"Wang, X., Delgado, H., Tak, H., Jung, J.-w., Shim, H.-j., Todisco, M., Kukanov, I., Liu, X., Sahidullah, M., Kinnunen, T., Evans, N., Lee, K. A., Yamagishi, J., Jeong, M., Zhu, G., Zang, Y., Zhang, Y., Maiti, S., Lux, F., Müller, N., Zhang, W., Sun, C., Hou, S., Lyu, S., Le Maguer, S., Gong, C., Guo, H., Chen, L., & Singh, V",2026,"ASVspoof 5: Design, collection and validation of resources for spoofing, deepfake, and adversarial attack detection using crowdsourced speech","Computer Speech & Language, 95, 101825",,10.1016/j.csl.2025.101825,https://doi.org/10.1016/j.csl.2025.101825,,8;13,high,"Wang, X., Delgado, H., Tak, H., Jung, J.-w., Shim, H.-j., Todisco, M., Kukanov, I., Liu, X., Sahidullah, M., Kinnunen, T., Evans, N., Lee, K. A., Yamagishi, J., Jeong, M., Zhu, G., Zang, Y., Zhang, Y., Maiti, S., Lux, F., Müller, N., Zhang, W., Sun, C., Hou, S., Lyu, S., Le Maguer, S., Gong, C., Guo, H., Chen, L., & Singh, V. (2026). ASVspoof 5: Design, collection and validation of resources for spoofing, deepfake, and adversarial attack detection using crowdsourced speech. Computer Speech & Language, 95, 101825. https://doi.org/10.1016/j.csl.2025.101825"
wang2025open,"Wang, Y., Alhmoud, A., & Alqurishi, M",2025,Open Universal Arabic ASR Leaderboard,"Interspeech 2025, Rotterdam, 1168-1172. Leaderboard:",,,https://huggingface.co/spaces/elmresearchcenter/open_universal_arabic_asr_leaderboard,26 July 2026,1;7;11,high,"Wang, Y., Alhmoud, A., & Alqurishi, M. (2025). Open Universal Arabic ASR Leaderboard. Interspeech 2025, Rotterdam, 1168-1172. Leaderboard: https://huggingface.co/spaces/elmresearchcenter/open_universal_arabic_asr_leaderboard Accessed 26 July 2026."
warden2018speech,"Warden, P",2018,Speech Commands: A dataset for limited-vocabulary speech recognition,arXiv preprint arXiv:1804.03209,,,https://arxiv.org/abs/1804.03209,,8,medium,"Warden, P. (2018). Speech Commands: A dataset for limited-vocabulary speech recognition. arXiv preprint arXiv:1804.03209. https://arxiv.org/abs/1804.03209"
watanabe2018espnet,"Watanabe, S., Hori, T., Karita, S., Hayashi, T., Nishitoba, J., Unno, Y., Yalta Soplin, N. E., Heymann, J., Wiesner, M., Chen, N., Renduchintala, A., & Ochiai, T",2018,ESPnet: End-to-End Speech Processing Toolkit,Interspeech,2207-2211,10.21437/Interspeech.2018-1456,https://doi.org/10.21437/Interspeech.2018-1456,,5;9;14,high,"Watanabe, S., Hori, T., Karita, S., Hayashi, T., Nishitoba, J., Unno, Y., Yalta Soplin, N. E., Heymann, J., Wiesner, M., Chen, N., Renduchintala, A., & Ochiai, T. (2018). ESPnet: End-to-End Speech Processing Toolkit. Interspeech, 2207-2211. https://doi.org/10.21437/Interspeech.2018-1456"
watanabe2017hybrid,"Watanabe, S., Hori, T., Kim, S., Hershey, J. R., & Hayashi, T",2017,Hybrid CTC/Attention Architecture for End-to-End Speech Recognition,"IEEE Journal of Selected Topics in Signal Processing, 11(8)",1240-1253,10.1109/JSTSP.2017.2763455,https://doi.org/10.1109/JSTSP.2017.2763455,,5,high,"Watanabe, S., Hori, T., Kim, S., Hershey, J. R., & Hayashi, T. (2017). Hybrid CTC/Attention Architecture for End-to-End Speech Recognition. IEEE Journal of Selected Topics in Signal Processing, 11(8), 1240-1253. https://doi.org/10.1109/JSTSP.2017.2763455"
watson2002phonology,"Watson, J. C. E",2002,The Phonology and Morphology of Arabic,Oxford University Press,,,https://academic.oup.com/book/48466,19 June 2026,2,high,"Watson, J. C. E. (2002). The Phonology and Morphology of Arabic. Oxford University Press. https://academic.oup.com/book/48466 Accessed 19 June 2026."
wei2022finetuned,"Wei, J., Bosma, M., Zhao, V. Y., Guu, K., Yu, A. W., Lester, B., Du, N., Dai, A. M., & Le, Q. V",2022,Finetuned language models are zero-shot learners,International Conference on Learning Representations (ICLR),,,https://openreview.net/forum?id=gEZrGCozdqR,7 August 2026,11,high,"Wei, J., Bosma, M., Zhao, V. Y., Guu, K., Yu, A. W., Lester, B., Du, N., Dai, A. M., & Le, Q. V. (2022). Finetuned language models are zero-shot learners. International Conference on Learning Representations (ICLR). https://openreview.net/forum?id=gEZrGCozdqR Accessed 7 August 2026."
witt2000phone,"Witt, S. M., & Young, S. J",2000,Phone-level pronunciation scoring and assessment for interactive language learning,"Speech Communication, 30(2-3)",95-108,10.1016/S0167-6393(99)00044-8,https://doi.org/10.1016/S0167-6393(99)00044-8,,12,high,"Witt, S. M., & Young, S. J. (2000). Phone-level pronunciation scoring and assessment for interactive language learning. Speech Communication, 30(2-3), 95-108. https://doi.org/10.1016/S0167-6393(99)00044-8"
wittenburg2006elan,"Wittenburg, P., Brugman, H., Russel, A., Klassmann, A., & Sloetjes, H",2006,ELAN: A professional framework for multimodality research,Proceedings of the Fifth International Conference on Language Resources and Evaluation (LREC),1556-1559,,https://aclanthology.org/L06-1082/,28 July 2026,7,high,"Wittenburg, P., Brugman, H., Russel, A., Klassmann, A., & Sloetjes, H. (2006). ELAN: A professional framework for multimodality research. Proceedings of the Fifth International Conference on Language Resources and Evaluation (LREC), 1556-1559. https://aclanthology.org/L06-1082/ Accessed 28 July 2026."
wolf2020transforme,"Wolf, T., Debut, L., Sanh, V., Chaumond, J., Delangue, C., Moi, A., Cistac, P., Rault, T., Louf, R., Funtowicz, M., Davison, J., Shleifer, S., von Platen, P., Ma, C., Jernite, Y., Plu, J., Xu, C., Le Scao, T., Gugger, S., Drame, M., Lhoest, Q., & Rush, A. M",2020,Transformers: State-of-the-art natural language processing,Proceedings of the 2020 Conference on Empirical Methods in Natural Language Processing: System Demonstrations,38-45,10.18653/v1/2020.emnlp-demos.6,https://doi.org/10.18653/v1/2020.emnlp-demos.6,,9,high,"Wolf, T., Debut, L., Sanh, V., Chaumond, J., Delangue, C., Moi, A., Cistac, P., Rault, T., Louf, R., Funtowicz, M., Davison, J., Shleifer, S., von Platen, P., Ma, C., Jernite, Y., Plu, J., Xu, C., Le Scao, T., Gugger, S., Drame, M., Lhoest, Q., & Rush, A. M. (2020). Transformers: State-of-the-art natural language processing. Proceedings of the 2020 Conference on Empirical Methods in Natural Language Processing: System Demonstrations, 38-45. https://doi.org/10.18653/v1/2020.emnlp-demos.6"
world2010speech,World Wide Web Consortium,2010,Speech Synthesis Markup Language (SSML) Version 1.1,"W3C Recommendation, 7 September 2010",,,https://www.w3.org/TR/speech-synthesis11/,5 August 2026,9,high,"World Wide Web Consortium. (2010). Speech Synthesis Markup Language (SSML) Version 1.1. W3C Recommendation, 7 September 2010. https://www.w3.org/TR/speech-synthesis11/ Accessed 5 August 2026."
wu2015asvspoof,"Wu, Z., Kinnunen, T., Evans, N., Yamagishi, J., Hanilçi, C., Sahidullah, M., & Sizov, A",2015,ASVspoof 2015: The first automatic speaker verification spoofing and countermeasures challenge,Interspeech 2015,2037-2041,10.21437/Interspeech.2015-462,https://doi.org/10.21437/Interspeech.2015-462,,13,high,"Wu, Z., Kinnunen, T., Evans, N., Yamagishi, J., Hanilçi, C., Sahidullah, M., & Sizov, A. (2015). ASVspoof 2015: The first automatic speaker verification spoofing and countermeasures challenge. Interspeech 2015, 2037-2041. https://doi.org/10.21437/Interspeech.2015-462"
yang2025towards,"Yang, C.-K., Ho, N. S., & Lee, H.-y",2025,Towards holistic evaluation of large audio-language models: A comprehensive survey,Proceedings of the 2025 Conference on Empirical Methods in Natural Language Processing,10144-10170,10.18653/v1/2025.emnlp-main.514,https://doi.org/10.18653/v1/2025.emnlp-main.514,,11,high,"Yang, C.-K., Ho, N. S., & Lee, H.-y. (2025). Towards holistic evaluation of large audio-language models: A comprehensive survey. Proceedings of the 2025 Conference on Empirical Methods in Natural Language Processing, 10144-10170. https://doi.org/10.18653/v1/2025.emnlp-main.514"
yang2024bench,"Yang, Q., Xu, J., Liu, W., Chu, Y., Jiang, Z., Zhou, X., Leng, Y., Lv, Y., Zhao, Z., Zhou, C., & Zhou, J",2024,AIR-Bench: Benchmarking large audio-language models via generative comprehension,Proceedings of the 62nd Annual Meeting of the Association for Computational Linguistics (Volume 1: Long Papers),1979-1998,10.18653/v1/2024.acl-long.109,https://doi.org/10.18653/v1/2024.acl-long.109,,11,high,"Yang, Q., Xu, J., Liu, W., Chu, Y., Jiang, Z., Zhou, X., Leng, Y., Lv, Y., Zhao, Z., Zhou, C., & Zhou, J. (2024). AIR-Bench: Benchmarking large audio-language models via generative comprehension. Proceedings of the 62nd Annual Meeting of the Association for Computational Linguistics (Volume 1: Long Papers), 1979-1998. https://doi.org/10.18653/v1/2024.acl-long.109"
yang2021superb,"Yang, S.-w., Chi, P.-H., Chuang, Y.-S., Lai, C.-I. J., Lakhotia, K., Lin, Y. Y., Liu, A. T., Shi, J., Chang, X., Lin, G.-T., Huang, T.-H., Tseng, W.-C., Lee, K.-t., Liu, D.-R., Huang, Z., Dong, S., Li, S.-W., Watanabe, S., Mohamed, A., & Lee, H.-y",2021,SUPERB: Speech processing Universal PERformance Benchmark,Interspeech,1194-1198,10.21437/Interspeech.2021-1775,https://doi.org/10.21437/Interspeech.2021-1775,,6,high,"Yang, S.-w., Chi, P.-H., Chuang, Y.-S., Lai, C.-I. J., Lakhotia, K., Lin, Y. Y., Liu, A. T., Shi, J., Chang, X., Lin, G.-T., Huang, T.-H., Tseng, W.-C., Lee, K.-t., Liu, D.-R., Huang, Z., Dong, S., Li, S.-W., Watanabe, S., Mohamed, A., & Lee, H.-y. (2021). SUPERB: Speech processing Universal PERformance Benchmark. Interspeech, 1194-1198. https://doi.org/10.21437/Interspeech.2021-1775"
young1994tree,"Young, S. J., Odell, J. J., & Woodland, P. C",1994,Tree-Based State Tying for High Accuracy Acoustic Modelling,Proceedings of the Workshop on Human Language Technology (HLT ’94),307-312,10.3115/1075812.1075885,https://doi.org/10.3115/1075812.1075885,,4,high,"Young, S. J., Odell, J. J., & Woodland, P. C. (1994). Tree-Based State Tying for High Accuracy Acoustic Modelling. Proceedings of the Workshop on Human Language Technology (HLT ’94), 307-312. https://doi.org/10.3115/1075812.1075885"
young2006book,"Young, S., Evermann, G., Gales, M., Hain, T., Kershaw, D., Liu, X., Moore, G., Odell, J., Ollason, D., Povey, D., Valtchev, V., & Woodland, P",2006,The HTK Book (for HTK version 3.4),Cambridge University Engineering Department.  Accessed 19 June 2026. Archived at,,,https://web.archive.org/web/20260617173508/https://htk.eng.cam.ac.uk/,,3,high,"Young, S., Evermann, G., Gales, M., Hain, T., Kershaw, D., Liu, X., Moore, G., Odell, J., Ollason, D., Povey, D., Valtchev, V., & Woodland, P. (2006). The HTK Book (for HTK version 3.4). Cambridge University Engineering Department. https://htk.eng.cam.ac.uk/ Accessed 19 June 2026. Archived at https://web.archive.org/web/20260617173508/https://htk.eng.cam.ac.uk/"
zarzu2026hurdles,"Zarzu, V., & Zouhar, V",2026,Hurdles of automatic metric for speech translation evaluation,Proceedings of the 23rd International Conference on Spoken Language Translation (IWSLT),305-315,,https://aclanthology.org/2026.iwslt-1.34/,5 August 2026,10,high,"Zarzu, V., & Zouhar, V. (2026). Hurdles of automatic metric for speech translation evaluation. Proceedings of the 23rd International Conference on Spoken Language Translation (IWSLT), 305-315. https://aclanthology.org/2026.iwslt-1.34/ Accessed 5 August 2026."
zen2009statistica,"Zen, H., Tokuda, K., & Black, A. W",2009,Statistical parametric speech synthesis,"Speech Communication, 51(11)",1039-1064,10.1016/j.specom.2009.04.004,https://doi.org/10.1016/j.specom.2009.04.004,,9,high,"Zen, H., Tokuda, K., & Black, A. W. (2009). Statistical parametric speech synthesis. Speech Communication, 51(11), 1039-1064. https://doi.org/10.1016/j.specom.2009.04.004"
zhong2024leveraging,"Zhong, H., Xie, Y., & Yao, Z",2024,Leveraging large language models to refine automatic feedback generation at articulatory level in computer aided pronunciation training,Interspeech 2024,2600-2604,10.21437/Interspeech.2024-1005,https://doi.org/10.21437/Interspeech.2024-1005,,12,high,"Zhong, H., Xie, Y., & Yao, Z. (2024). Leveraging large language models to refine automatic feedback generation at articulatory level in computer aided pronunciation training. Interspeech 2024, 2600-2604. https://doi.org/10.21437/Interspeech.2024-1005"
anonndref,,,,,,,https://un.org/en/observances/arabiclanguageday,19 June 2026,1,low,United Nations. World Arabic Language Day. https://un.org/en/observances/arabiclanguageday Accessed 19 June 2026.
anonndrefa,,,,,,,https://catalog.ldc.upenn.edu/,28 July 2026,7,low,"Linguistic Data Consortium. LDC catalog. University of Pennsylvania, Philadelphia. https://catalog.ldc.upenn.edu/ Accessed 28 July 2026."
anonndrefb,,,,,,,https://catalogue.elra.info/,28 July 2026,7,low,European Language Resources Association. ELRA catalogue of language resources. Paris. https://catalogue.elra.info/ Accessed 28 July 2026.
anonndrefc,,,,,,,https://catalogue.elra.info/en-us/repository/browse/ELRA-S0219/,29 July 2026,7,low,"NEMLAR Project. NEMLAR Broadcast News Speech Corpus (ELRA-S0219). European Language Resources Association, Paris. https://catalogue.elra.info/en-us/repository/browse/ELRA-S0219/ Accessed 29 July 2026."
anonndrefd,,,,,,,https://catalogue.elra.info/en-us/repository/browse/ELRA-S0220/,29 July 2026,7,low,"NEMLAR Project. NEMLAR Speech Synthesis Corpus (ELRA-S0220). European Language Resources Association, Paris. https://catalogue.elra.info/en-us/repository/browse/ELRA-S0220/ Accessed 29 July 2026."
