"Paper Title","Paper Link","Publication Year","Publication Type","Publication Title","Author Names","DOI","PDF Link","Open Access","Citations count","Google Scholar ID","PubMed ID","PMC ID","References","Grants","arXiv ID","Updated Date","Primary Category","Categories","Source","Relevance","Abstract"
"Aswat: Arabic Audio Dataset for Automatic Speech Recognition Using Speech-Representation Learning","https://scispace.com/papers/aswat-arabic-audio-dataset-for-automatic-speech-recognition-2f470ll4ps","","Journal Article","","Lamya Alkanhal
Abeer Alessa
Elaf Almahmoud
Rana Alaqil","10.18653/v1/2023.arabicnlp-1.10","https://scispace.com/pdf/aswat-arabic-audio-dataset-for-automatic-speech-recognition-2f470ll4ps.pdf","No","","","","","","","","","","","SciSpace","- **Relevance Score:** 100/100 - **Relevance Tag:** Highly Relevant - **Reasoning:** Directly tackles Arabic ASR with a new 732‑hour dataset and self‑supervised wav2vec/data2vec models, offering strong neural methods and thorough WER evaluation; lacks multilingual or real‑time focus.","Recent advancements in self-supervised speech-representation learning for automatic speech recognition (ASR) approaches have significantly improved the results on many benchmarks with low-cost data labeling. In this paper, we train two self-supervised frameworks for ASR, namely wav2vec, and data2vec, in which we conduct multiple experiments and analyze their results. Furthermore, we introduce Aswat dataset, which covers multiple genres and features speakers with vocal variety. Aswat contains 732 hours of clean Arabic speech that can be used in the pretraining task for learning latent speech representations, which results in achieving a lower word error rate (WER) in Arabic ASR. We report the baseline results and achieve state-of-the-art WERs of 11.7% and 10.3% on Common Voice (CV) and the second round of Multi-Genre Broadcast (MGB-2) respectively, as a result of including our dataset Aswat."
"Speech Processing for Arabic Speech Synthesis Based on Concatenation Rules","https://link.springer.com/article/10.1007/s42979-024-02649-z","2024","Journal Article","SN computer science","Fayçal Imedjdouben","10.1007/s42979-024-02649-z","","No","","IiTWXZc8gk8J","","","","","","","","","Google Scholar","- **Relevance Score:** 100/100 - **Relevance Tag:** Highly Relevant - **Reasoning:** Focuses on Arabic TTS using concatenation rules, but lacks neural models, low‑resource methods, extensive evaluation, multilingual or real‑time aspects.",""
"Exploring the Impact of Speech AI: A Comparative Analysis of ML Models on Arabic Dataset","https://scispace.com/papers/exploring-the-impact-of-speech-ai-a-comparative-analysis-of-1i68hj8ku9","2023","Journal Article","","Mohamed Khaled Ben Mna
Asma Ben Letaifa","10.1109/comnet60156.2023.10366659","","No","","","","","","","","","","","SciSpace","- **Relevance Score:** 100/100 - **Relevance Tag:** Highly Relevant - **Reasoning:** Shows Arabic TTS with Tacotron2/FastSpeech2, but lacks low‑resource methods, extensive MOS/WER reporting, multilingual or real‑time considerations.","Recent advancements in artificial intelligence and high-performance computing have revolutionized various facets of human interaction. Speech synthesis (text-to-speech) and automatic speech recognition (speech-to-text) technologies have become ubiquitous in smartphones, smart homes, websites, and automotive systems, transforming how we communicate with technology. This paper resembles a showcase of the efficacy of end-to-end text-to-speech (TTS) models trained specifically on Arabic data. The study presents an in-depth analysis of various TTS system architectures mainly Tacotron2 and FastSpeech2, highlighting their performance in generating high-quality synthesized speech from written Arabic text. Through a beginner’s lens, the article sheds light on the exciting domain of audio deep learning, providing valuable insights for researchers and practitioners interested in TTS technology. By demonstrating the capabilities and potential challenges of employing Arabic data in TTS model training, this paper contributes to the advancement of multilingual speech synthesis and inspires further exploration in the field of audio deep learning."
"Multi-agent based Arabic speech synthesis","https://link.springer.com/article/10.1007/s10772-022-09975-8","2022","Journal Article","International Journal of Speech Technology","Hanane Tebbi
Maamar Hamadouche","10.1007/s10772-022-09975-8","","No","4","v3jmPVUly8AJ","","","","","","","","","Google Scholar","- **Relevance Score:** 100/100 - **Relevance Tag:** Highly Relevant - **Reasoning:** Focuses on Arabic speech synthesis using a multi-agent approach; lacks neural models, low-resource methods, extensive evaluation, multilingual or real-time aspects.",""
"Dialectal Coverage And Generalization in Arabic Speech Recognition","https://scispace.com/papers/dialectal-coverage-and-generalization-in-arabic-speech-3xoae2h55h1p","2024","Journal Article","","Amirbek Djanibekov
Hawau Olamide Toyin
Raghad Alshalan
Abdullah Alitr
Hanan Aldarmaki","10.48550/arxiv.2411.05872","https://scispace.com/pdf/dialectal-coverage-and-generalization-in-arabic-speech-3xoae2h55h1p.pdf","No","","","","","","","","","","","SciSpace","- **Relevance Score:** 100/100 - **Relevance Tag:** Highly Relevant - **Reasoning:** Focuses on Arabic ASR, exploring dialect coverage, pre‑training and fine‑tuning; uses neural models for low‑resource scenarios; evaluates across dialects but lacks public benchmark details.","Developing robust automatic speech recognition (ASR) systems for Arabic, a language characterized by its rich dialectal diversity and often considered a low-resource language in speech technology, demands effective strategies to manage its complexity. This study explores three critical factors influencing ASR performance: the role of dialectal coverage in pre-training, the effectiveness of dialect-specific fine-tuning compared to a multi-dialectal approach, and the ability to generalize to unseen dialects. Through extensive experiments across different dialect combinations, our findings offer key insights towards advancing the development of ASR systems for pluricentric languages like Arabic."
"Arabic Speech Recognition Based on Encoder-Decoder Architecture of Transformer","https://scispace.com/papers/arabic-speech-recognition-based-on-encoder-decoder-354ctfxu","2023","Journal Article","Journal of techniques","Alla Hussein","10.51173/jt.v5i1.749","","Yes","","","","","","","","","","","SciSpace","- **Relevance Score:** 100/100 - **Relevance Tag:** Highly Relevant - **Reasoning:** Uses transformer encoder‑decoder for Arabic ASR, achieving 3.2% WER on Common Voice with only 112 h data; evaluates thoroughly but lacks multilingual or real‑time aspects.","Recognizing and transcribing human speech has become an increasingly important task. Recently, researchers have been more interested in automatic speech recognition (ASR) using End to End models. Previous choices for the Arabic ASR architecture have been time-delay neural networks, recurrent neural networks (RNN), and long short-term memory (LSTM). Preview end-to-end approaches have suffered from slow training and inference speed because of the limitations of training parallelization, and they require a large amount of data to achieve acceptable results in recognizing Arabic speech This research presents an Arabic speech recognition based on a transformer encoder-decoder architecture with self-attention to transcribe Arabic audio speech segments into text, which can be trained faster with more efficiency. The proposed model exceeds the performance of previous end-to-end approaches when utilizing the Common Voice dataset from Mozilla. In this research, we introduced a speech-transformer model that was trained over 110 epochs using only 112 hours of speech. Although Arabic is considered one of the languages that are difficult to interpret by speech recognition systems, we achieved the best word error rate (WER) of 3.2 compared to other systems whose training requires a very large amount of data. The proposed system was evaluated on the common voice 8.0 dataset without using the language model."
"DNN-Based Arabic Speech Synthesis","https://scispace.com/papers/dnn-based-arabic-speech-synthesis-2bayvis8","2022","Proceedings Article","","","10.1109/iceee55327.2022.9772602","","No","","","","","","","","","","","SciSpace","- **Relevance Score:** 100/100 - **Relevance Tag:** Highly Relevant - **Reasoning:** Uses DNN‑based TTS for Arabic, achieving MOS 3.92 and PESQ 3.17; evaluates with subjective and objective tests but lacks modern end‑to‑end models, public corpora, multilingual or real‑time aspects.","This article discusses a Deep Neural Network-based Text-to-Speech synthesis for the Arabic language. Subjective and objective tests were used to evaluate the system. We used the Mean Opinion Score (MOS) for subjective evaluation, and the Diagnostic Rhyme Test (DRT) to test the intelligibility of some consonants and vowels. We use the Perceptual Evaluation of Speech Quality (PESQ) for objective evaluation. The results have a mean of 3.92/5, 3.88/5 for the MOS and DRT tests, respectively, and 3.17/5 for the PESQ test; the majority of words and sentences were recognized, and the system's overall evaluation quality was satisfactory. Furthermore, the results show a significant improvement in the quality of synthesized speech for DNN-based TTS when compared to its HMM-based counterpart."
"ArTST: Arabic Text and Speech Transformer","https://scispace.com/papers/artst-arabic-text-and-speech-transformer-2nv7lhp1h9","2023","Journal Article","","Hawau Olamide Toyin
Amirbek Djanibekov
Ajinkya Kulkarni
Hanan Aldarmaki","10.48550/arxiv.2310.16621","https://scispace.com/pdf/artst-arabic-text-and-speech-transformer-2nv7lhp1h9.pdf","No","","","","","","","","","","","SciSpace","- **Relevance Score:** 100/100 - **Relevance Tag:** Highly Relevant - **Reasoning:** Focuses on Arabic speech processing; Provides ASR and TTS models; Uses Transformer architecture; Shows low-resource TTS benefits; Evaluates against state-of-the-art.","We present ArTST, a pre-trained Arabic text and speech transformer for supporting open-source speech technologies for the Arabic language. The model architecture follows the unified-modal framework, SpeechT5, that was recently released for English, and is focused on Modern Standard Arabic (MSA), with plans to extend the model for dialectal and code-switched Arabic in future editions. We pre-trained the model from scratch on MSA speech and text data, and fine-tuned it for the following tasks: Automatic Speech Recognition (ASR), Text-To-Speech synthesis (TTS), and spoken dialect identification. In our experiments comparing ArTST with SpeechT5, as well as with previously reported results in these tasks, ArTST performs on a par with or exceeding the current state-of-the-art in all three tasks. Moreover, we find that our pre-training is conducive for generalization, which is particularly evident in the low-resource TTS task. The pre-trained model as well as the fine-tuned ASR and TTS models are released for research use."
"Casablanca: Data and Models for Multidialectal Arabic Speech Recognition","https://scispace.com/papers/casablanca-data-and-models-for-multidialectal-arabic-speech-7co5p077bqjk","2024","Journal Article","","Bashar Talafha
Karima Kadaoui
Samar Mohamed Magdy
Mariem Habiboullah
Chafei Mohamed Chafei
Ahmed Oumar El-Shangiti
Hiba Zayed
Mohamedou Cheikh Tourad
Rahaf Alhamouri
R. Assi
Aisha Alraeesi
H Beheri Mohamed
Fakhraddin Alwajih
Abdelrahman Mohamed
Abdellah El Mekki
El Moatez Billah Nagoudi
Benelhadj Djelloul Mama Saadia
Hamzah A. Alsayadi
Walid Al-Dhabyani
Sara Shatnawi
Yasir Ech-Chammakhy
Amal Makouar
Yousra Berrachedi
Mustafa Jarrar
Shady Shehata
Ismaïl Berrada
Muhammad Abdul-Mageed","10.48550/arxiv.2410.04527","https://scispace.com/pdf/casablanca-data-and-models-for-multidialectal-arabic-speech-7co5p077bqjk.pdf","No","","","","","","","","","","","SciSpace","- **Relevance Score:** 100/100 - **Relevance Tag:** Highly Relevant - **Reasoning:** Provides a large multi-dialect Arabic ASR dataset with baseline models; uses neural models, addresses low-resource dialects, offers evaluation on its own corpus, explores dialect diversity, but lacks real-time focus.","In spite of the recent progress in speech processing, the majority of world languages and dialects remain uncovered. This situation only furthers an already wide technological divide, thereby hindering technological and socioeconomic inclusion. This challenge is largely due to the absence of datasets that can empower diverse speech systems. In this paper, we seek to mitigate this obstacle for a number of Arabic dialects by presenting Casablanca, a large-scale community-driven effort to collect and transcribe a multi-dialectal Arabic dataset. The dataset covers eight dialects: Algerian, Egyptian, Emirati, Jordanian, Mauritanian, Moroccan, Palestinian, and Yemeni, and includes annotations for transcription, gender, dialect, and code-switching. We also develop a number of strong baselines exploiting Casablanca. The project page for Casablanca is accessible at: www.dlnlp.ai/speech/casablanca."
"Arabic ASR on the SADA Large-Scale Arabic Speech Corpus with Transformer-Based Models","https://arxiv.org/abs/2508.12968v1","2025","Preprint","","Branislav Gerazov
Marcello Politi
Sébastien Bratières","","https://arxiv.org/pdf/2508.12968v1","Yes","","","","","","","http://arxiv.org/abs/2508.12968v1","2025-08-18T14:44:25Z","eess.AS","eess.AS, cs.LG","arXiv","- **Relevance Score:** 100/100 - **Relevance Tag:** Highly Relevant - **Reasoning:** The paper directly tackles Arabic ASR with transformer models on a large public corpus, offering detailed evaluation, but lacks low‑resource, multilingual, or real‑time focus.","We explore the performance of several state-of-the-art automatic speech recognition (ASR) models on a large-scale Arabic speech dataset, the SADA (Saudi Audio Dataset for Arabic), which contains 668 hours of high-quality audio from Saudi television shows. The dataset includes multiple dialects and environments, specifically a noisy subset that makes it particularly challenging for ASR. We evaluate the performance of the models on the SADA test set, and we explore the impact of fine-tuning, language models, as well as noise and denoising on their performance. We find that the best performing model is the MMS 1B model finetuned on SADA with a 4-gram language model that achieves a WER of 40.9\% and a CER of 17.6\% on the SADA test clean set."
"DNN-Based Arabic Speech Synthesis","https://scispace.com/papers/dnn-based-arabic-speech-synthesis-z2uzn6gs","2022","Proceedings Article","","Aissa Amrouche
Youssouf Bentrcia
Khadidja Nesrine Boubakeur
Ahcene Abed","10.1109/ICEEE55327.2022.9772602","","No","","","","","","","","","","","SciSpace","- **Relevance Score:** 100/100 - **Relevance Tag:** Highly Relevant - **Reasoning:** Uses DNN‑based TTS for Arabic with MOS, DRT, PESQ evaluations; focuses on Arabic speech synthesis, but lacks modern end‑to‑end models, low‑resource methods, multilingual or real‑time aspects.","This article discusses a Deep Neural Network-based Text-to-Speech synthesis for the Arabic language. Subjective and objective tests were used to evaluate the system. We used the Mean Opinion Score (MOS) for subjective evaluation, and the Diagnostic Rhyme Test (DRT) to test the intelligibility of some consonants and vowels. We use the Perceptual Evaluation of Speech Quality (PESQ) for objective evaluation. The results have a mean of 3.92/5, 3.88/5 for the MOS and DRT tests, respectively, and 3.17/5 for the PESQ test; the majority of words and sentences were recognized, and the system's overall evaluation quality was satisfactory. Furthermore, the results show a significant improvement in the quality of synthesized speech for DNN-based TTS when compared to its HMM-based counterpart."
"Arabic Speech Recognition by End-to-End, Modular Systems and Human","https://scispace.com/papers/arabic-speech-recognition-by-end-to-end-modular-systems-and-rfj360ivnh","2021","Posted Content","arXiv: Audio and Speech Processing","Amir Hussein
Shinji Watanabe
Ahmed Ali","","https://arxiv.org/pdf/2101.08454.pdf","Yes","","","","","","","","","","","SciSpace","- **Relevance Score:** 100/100 - **Relevance Tag:** Highly Relevant - **Reasoning:** Uses transformer end‑to‑end and HMM‑DNN ASR to benchmark Arabic speech recognition, includes human baseline and multiple MGB corpora, but lacks low‑resource, multilingual, or real‑time aspects.","Recent advances in automatic speech recognition (ASR) have achieved accuracy levels comparable to human transcribers, which led researchers to debate if the machine has reached human performance. Previous work focused on the English language and modular hidden Markov model-deep neural network (HMM-DNN) systems. In this paper, we perform a comprehensive benchmarking for end-to-end transformer ASR, modular HMM-DNN ASR, and human speech recognition (HSR) on the Arabic language and its dialects. For the HSR, we evaluate linguist performance and lay-native speaker performance on a new dataset collected as a part of this study. For ASR the end-to-end work led to 12.5%, 27.5%, 33.8% WER; a new performance milestone for the MGB2, MGB3, and MGB5 challenges respectively. Our results suggest that human performance in the Arabic language is still considerably better than the machine with an absolute WER gap of 3.5% on average."
"A Transfer Learning End-to-End ArabicText-To-Speech (TTS) Deep Architecture","https://scispace.com/papers/a-transfer-learning-end-to-end-arabictext-to-speech-tts-deep-4phgfkya7k","2020","Posted Content","arXiv: Audio and Speech Processing","Fady K. Fahmy
Mahmoud I. Khalil
Hazem M. Abbas","","https://arxiv.org/pdf/2007.11541.pdf","Yes","","","","","","","","","","","SciSpace","- **Relevance Score:** 100/100 - **Relevance Tag:** Highly Relevant - **Reasoning:** Uses end‑to‑end neural TTS for Arabic, leverages transfer learning on 2.41 h data, employs English embeddings, but evaluation is limited and no real‑time claims.","Speech synthesis is the artificial production of human speech. A typical text-to-speech system converts a language text into a waveform. There exist many English TTS systems that produce mature, natural, and human-like speech synthesizers. In contrast, other languages, including Arabic, have not been considered until recently. Existing Arabic speech synthesis solutions are slow, of low quality, and the naturalness of synthesized speech is inferior to the English synthesizers. They also lack essential speech key factors such as intonation, stress, and rhythm. Different works were proposed to solve those issues, including the use of concatenative methods such as unit selection or parametric methods. However, they required a lot of laborious work and domain expertise. Another reason for such poor performance of Arabic speech synthesizers is the lack of speech corpora, unlike English that has many publicly available corpora and audiobooks. This work describes how to generate high quality, natural, and human-like Arabic speech using an end-to-end neural deep network architecture. This work uses just $\langle$ text, audio $\rangle$ pairs with a relatively small amount of recorded audio samples with a total of 2.41 hours. It illustrates how to use English character embedding despite using diacritic Arabic characters as input and how to preprocess these audio samples to achieve the best results."
"End-to-end arabic speech recognition: A review","https://www.researchgate.net/profile/Amena-Dheif/publication/380292897_Towards_Building_a_Semantic_Role_Labeling_System_for_Modern_Standard_Arabic_A_Rule-based_Approach/links/678c3f4bec3ae3435a6df104/Towards-Building-a-Semantic-Role-Labeling-System-for-Modern-Standard-Arabic-A-Rule-based-Approach.pdf#page=253","","","","AA Abdelhamid
HA Alsayadi
I Hegazy","","https://www.researchgate.net/profile/Amena-Dheif/publication/380292897_Towards_Building_a_Semantic_Role_Labeling_System_for_Modern_Standard_Arabic_A_Rule-based_Approach/links/678c3f4bec3ae3435a6df104/Towards-Building-a-Semantic-Role-Labeling-System-for-Modern-Standard-Arabic-A-Rule-based-Approach.pdf#page=253","No","34","CGT7HSIhDaUJ","","","","","","","","","Google Scholar","- **Relevance Score:** 100/100 - **Relevance Tag:** Highly Relevant - **Reasoning:** Uses end‑to‑end neural models for Arabic ASR, reviews architectures like Transformers and Conformers. Mentions data‑scarcity challenges and some multilingual studies, but lacks detailed real‑time implementation and extensive benchmark results.",""
"Toward Accurate and Flexible Arabic Speech Recognition: A Comprehensive Framework","https://scispace.com/papers/toward-accurate-and-flexible-arabic-speech-recognition-a-2ayj5gp4bo","2023","Proceedings Article","","Ezzaldeen Mahyoub Naji
Ajit A Maslekar
Zeyad A.T. Ahmed
Ali Manour Almadani
Mohammed Tawfik
Alhasan A. Alharbi","10.1109/gcitc60406.2023.10426210","","No","","","","","","","","","","","SciSpace","- **Relevance Score:** 100/100 - **Relevance Tag:** Highly Relevant - **Reasoning:** Uses Arabic ASR framework with ensemble of E2E and modular models; includes transfer learning but lacks detailed modern NN specs, low-resource focus, or extensive evaluation metrics.","Continuous speech recognition (ASR/CSR) system for any language is crucial for the interactions between people and computers or machines. ASR systems play a crucial role in numerous applications, including voice-activated personal assistants and speech-to-text transcription. This paper mainly aims to outline the breakthroughs in CSR of the Arabic language and provide a comprehensive framework for Arabic CSR. Some aspects of speech recognition, like acoustic models, language models, and corpora, were addressed in this study. A review of current Arabic speech recognition(SR) research was conducted with a priority on Arabic-language speech. We outline the research approach, which combines both end-to-end(E2E) and modular-based approaches to improve the flexibility and performance of SR systems. The study proposed a comparhensive framework to build accurate and flexiable CSR system. This framework leverages the ensemble technique to integrate two CSR models, representing both the E2E and modular-based approaches. The study discusses audio capture, audio pre-processing techniques, feature extraction methods, and the utilisation of acoustic and language models. The study utilises machine learning techniques, including deep neural networks(DNN), hidden Markov models(HMM), transfer learning, and the ensembling of more than two models to train and optimise the ASR systems."
"ArTST: Arabic Text and Speech Transformer","https://scispace.com/papers/artst-arabic-text-and-speech-transformer-57nmjzhug6","2023","Journal Article","","Hawau Olamide Toyin
Amirbek Djanibekov
Ajinkya Kulkarni
Hanan Aldarmaki","10.18653/v1/2023.arabicnlp-1.5","https://scispace.com/pdf/artst-arabic-text-and-speech-transformer-57nmjzhug6.pdf","No","","","","","","","","","","","SciSpace","- **Relevance Score:** 100/100 - **Relevance Tag:** Highly Relevant - **Reasoning:** Uses unified-modal Transformer for Arabic ASR and TTS, achieving SOTA; includes extensive benchmarks, leverages self-supervised pretraining, but focuses on MSA only and lacks real-time emphasis.","We present ArTST, a pre-trained Arabic text and speech transformer for supporting open-source speech technologies for the Arabic language. The model architecture follows the unified-modal framework, SpeechT5, that was recently released for English, and is focused on Modern Standard Arabic (MSA), with plans to extend the model for dialectal and code-switched Arabic in future editions. We pre-trained the model from scratch on MSA speech and text data, and fine-tuned it for the following tasks: Automatic Speech Recognition (ASR), Text-To-Speech synthesis (TTS), and spoken dialect identification. In our experiments comparing ArTST with SpeechT5, as well as with previously reported results in these tasks, ArTST performs on a par with or exceeding the current state-of-the-art in all three tasks. Moreover, we find that our pre-training is conducive for generalization, which is particularly evident in the low-resource TTS task. The pre-trained model as well as the fine-tuned ASR and TTS models are released for research use."
"Evaluating the effect of using different transcription schemes in building a speech recognition system for Arabic","https://link.springer.com/article/10.1007/s10772-020-09720-z","2020","Journal Article","International Journal of Speech Technology","Eiman Alsharhan
Allan Ramsay
Hanady Ahmed","10.1007/S10772-020-09720-Z","","No","17","hAIOq_vtKaMJ","","","","","","","","","SciSpace","- **Relevance Score:** 100/100 - **Relevance Tag:** Highly Relevant - **Reasoning:** Uses Arabic broadcast news data to compare grapheme vs phoneme transcriptions for ASR, providing detailed WER results; no neural end‑to‑end models or low‑resource, multilingual, or real‑time aspects.","It is well-known that the Arabic language poses non-trivial issues for Automatic Speech Recognition (ASR) systems This paper is concerned with the problems posed by the complex morphology of the language and the absence of diacritics in the written form of the language Several acoustic and language models are built using different transcription resources, namely a grapheme-based transcription which uses non-diacriticised text materials, phoneme-based transcriptions obtained from automatic diacritisation tools (SAMA or MADAMIRA), and a predefined dictionary The paper presents a comprehensive assessment for the aforementioned transcription schemes by employing them in building a collection of Arabic ASR systems using the GALE (phase 3) Arabic broadcast news and broadcast conversational speech datasets LDC (2015), which include 260 h of recorded material Contrary to our expectations, the experimental evidence confirms that the use of grapheme-based transcription is superior to the use of phoneme-based transcription To investigate this further, several modifications are applied to the MADAMIRA analysis by applying a number of simple phonological rules These improvements have a substantial effect on the systems’ performance, but it is still inferior to the use of a simple grapheme-based transcription The research also examined the use of a manually diacriticised subset of the data in training the ASR system and compared it with the use of grapheme-based transcription and phoneme-based transcription obtained from MADAMIRA The goal of this step is to validate MADAMIRA’s analysis The results show that using the manually diacriticised text in generating the phonetic transcription can significantly decrease the WER compared to the use of MADAMIRA diacriticised text and also the isolated graphemes The results obtained strongly indicate that providing the training model with less information about the data (only graphemes) is less damaging than providing it with inaccurate information"
"Advancing Arabic ASR for Disordered Speech: Fine-Tuning Wav2Vec2 on Egyptian Dysarthric Speech","https://scispace.com/papers/advancing-arabic-asr-for-disordered-speech-fine-tuning-j7y7n3agufqu","2025","Journal Article","","Islam Alsohby","10.58445/rars.2975","","No","","","","","","","","","","","SciSpace","- **Relevance Score:** 100/100 - **Relevance Tag:** Highly Relevant - **Reasoning:** Uses personalized fine‑tuning of Wav2Vec2 on Egyptian dysarthric speech, achieving large WER/CER drops; leverages self‑supervised transfer learning on a tiny dataset.","Despite significant advances in Automatic Speech Recognition (ASR), its application to low-resource languages such as Arabic—especially for speakers with speech disorders—remains underdeveloped. This study presents a novel approach to Arabic ASR for disordered speech by fine-tuning a Wav2Vec2 model on a personalized dataset comprising approximately 1,300 utterances from an Egyptian Arabic speaker with speech impairments. Building on the comparative foundation set by Alsohby (2025), which evaluated four state-of-the-art ASR models across general, dysarthric, and accented speech, we extend the analysis through specialized model adaptation. Our methodology encompasses data preprocessing, fine-tuning, and evaluation using Word Error Rate (WER) and Character Error Rate (CER). Results indicate a substantial performance gain, reducing WER from 0.8516 to 0.3736 and CER from 0.5756 to 0.3478. These findings demonstrate the effectiveness of personalized fine-tuning and underscore the critical need for diverse, domain-specific datasets to improve ASR accessibility for Arabic speakers with speech impairments."
"Optimizing arabic speech distinctive phonetic features and phoneme recognition using genetic algorithm","https://ieeexplore.ieee.org/abstract/document/9244059/","2020","Journal Article","IEEE Access","Ahmed B. Ibrahim
Yasser Mohammad Seddiq
Ali H. Meftah
Mansour M. Alghamdi
Sid-Ahmed Selouani
Mustafa A. Qamhan
Yousef Ajami Alotaibi
Saleh A. Alshebeili","10.1109/ACCESS.2020.3034762","https://ieeexplore.ieee.org/iel7/6287639/8948470/09244059.pdf","Yes","31","cnDzms6zNqUJ","","","","","","","","","SciSpace","- **Relevance Score:** 100/100 - **Relevance Tag:** Highly Relevant - **Reasoning:** Provides Arabic phoneme recognition with GA‑based feature selection, achieving 90% accuracy and 50% dimensionality reduction, but lacks end‑to‑end models, low‑resource focus, multilingual or real‑time specifics.","Distinctive phonetic features have an important role in Arabic speech phoneme recognition. In a given language, distinctive phonetic features are extrapolated from acoustic features using different methods. However, exploiting lengthy acoustic features vector in the sake of phoneme recognition has a huge cost in terms of computational complexity, which in turn, affects real time applications. The aim of this work is to consider methods to reduce the size of features vector employed for distinctive phonetic feature and phoneme recognition. The objective is to select the relevant input features that contribute to the speech recognition process. This, in turn, will lead to a reduced computational complexity of recognition algorithm, and an improved recognition accuracy. In the proposed approach, genetic algorithm is used to perform optimal features selection. Therefore, a baseline model based on feedforward neural networks is first built. This model is used to benchmark the results of proposed features selection method with a method that employs all elements of a features vector. Experimental results, utilizing the King Abdulaziz City for Science and Technology Arabic Phonetic Database, show that the average genetic algorithm based phoneme overall recognition accuracy is maintained slightly higher than that of recognition method employing the full-fledge features vector. The genetic algorithm based distinctive phonetic features recognition method has achieved a 50% reduction in the dimension of the input vector while obtaining a recognition accuracy of 90%. Moreover, the results of the proposed method is validated using Wilcoxon signed rank test."
"Arabic Speech Synthesis using Deep Neural Networks","https://scispace.com/papers/arabic-speech-synthesis-using-deep-neural-networks-okol8ggx0e","2021","Proceedings Article","International Conference on Communications","Aya Hamdy Ali
Mohamed Magdy
Maher Alfawzy
Mikhail Ghaly
Hazem M. Abbas","10.1109/ICCSPA49915.2021.9385731","","No","","","","","","","","","","","SciSpace","- **Relevance Score:** 100/100 - **Relevance Tag:** Highly Relevant - **Reasoning:** Uses DNN‑based Arabic TTS with MOS comparison, directly addressing synthesis; includes neural models but not cutting‑edge end‑to‑end, limited to single‑language, no low‑resource or real‑time aspects.","Text-to-speech (TTS) synthesis is a rapidly growing field of research. Deep learning has shown impressive results in speech synthesis and outperformed the older concatenative and parametric methods. In this paper, speech synthesis using deep learning architectures is explored and two models are utilized in an end-to-end Arabic TTS system. The results of the two systems are compared to concatenative TTS system using the Mean Opinion Score (MOS) of the synthesized speech and indicates that deep learning based systems have outperformed the concatenative system when it comes to naturalness and intelligibility; moreover, it reduces system complexity."
"End-to-End Automatic Speech Recognition model for the Sudanese Dialect","https://scispace.com/papers/end-to-end-automatic-speech-recognition-model-for-the-293m9dj9","2022","Posted Content","","","10.48550/arxiv.2212.10826","https://scispace.com/pdf/end-to-end-automatic-speech-recognition-model-for-the-293m9dj9.pdf","Yes","","","","","","","","","","","SciSpace Full Text","- **Relevance Score:** 100/100 - **Relevance Tag:** Highly Relevant - **Reasoning:** Uses end-to-end ASR for Sudanese Arabic dialect, directly addressing Arabic speech processing and recognition. Employs neural modeling but lacks detail on architecture, low‑resource methods, and broader evaluations.","Designing a natural voice interface rely mostly on Speech recognition for interaction between human and their modern digital life equipment. In addition, speech recognition narrows the gap between monolingual individuals to better exchange communication. However, the field lacks wide support for several universal languages and their dialects, while most of the daily conversations are carried out using them. This paper comes to inspect the viability of designing an Automatic Speech Recognition model for the Sudanese dialect, which is one of the Arabic Language dialects, and its complexity is a product of historical and social conditions unique to its speakers. This condition is reflected in both the form and content of the dialect, so this paper gives an overview of the Sudanese dialect and the tasks of collecting represented resources and pre-processing performed to construct a modest dataset to overcome the lack of annotated data. Also proposed end- to-end speech recognition model, the design of the model was formed using Convolution Neural Networks. The Sudanese dialect dataset would be a stepping stone to enable future Natural Language Processing research targeting the dialect. The designed model provided some insights into the current recognition task and reached an average Label Error Rate of 73.67%."
"Munsit at NADI 2025 Shared Task 2: Pushing the Boundaries of Multidialectal Arabic ASR with Weakly Supervised Pretraining and Continual Supervised Fine-tuning","https://arxiv.org/abs/2508.08912v1","2025","Preprint","","Mahmoud Salhab
Shameed Sait
Mohammad Abusheikh
Hasan Abusheikh","","https://arxiv.org/pdf/2508.08912v1","Yes","","","","","","","http://arxiv.org/abs/2508.08912v1","2025-08-12T13:02:22Z","cs.CL","cs.CL, cs.AI","arXiv","- **Relevance Score:** 100/100 - **Relevance Tag:** Highly Relevant - **Reasoning:** Uses weakly supervised pretraining and continual fine‑tuning for multi‑dialectal Arabic ASR, employing modern neural models and addressing data scarcity; evaluation is limited to challenge ranking, no multilingual or real‑time aspects.","Automatic speech recognition (ASR) plays a vital role in enabling natural human-machine interaction across applications such as virtual assistants, industrial automation, customer support, and real-time transcription. However, developing accurate ASR systems for low-resource languages like Arabic remains a significant challenge due to limited labeled data and the linguistic complexity introduced by diverse dialects. In this work, we present a scalable training pipeline that combines weakly supervised learning with supervised fine-tuning to develop a robust Arabic ASR model. In the first stage, we pretrain the model on 15,000 hours of weakly labeled speech covering both Modern Standard Arabic (MSA) and various Dialectal Arabic (DA) variants. In the subsequent stage, we perform continual supervised fine-tuning using a mixture of filtered weakly labeled data and a small, high-quality annotated dataset. Our approach achieves state-of-the-art results, ranking first in the multi-dialectal Arabic ASR challenge. These findings highlight the effectiveness of weak supervision paired with fine-tuning in overcoming data scarcity and delivering high-quality ASR for low-resource, dialect-rich languages."
"Automatic Pronunciation Error Detection and Correction of the Holy Quran's Learners Using Deep Learning","https://arxiv.org/abs/2509.00094v1","2025","Preprint","","Abdullah Abdelfattah
Mahmoud I. Khalil
Hazem Abbas","","https://arxiv.org/pdf/2509.00094v1","Yes","","","","","","","http://arxiv.org/abs/2509.00094v1","2025-08-27T15:28:46Z","eess.AS","eess.AS, cs.AI, cs.CL, cs.LG, cs.SD","arXiv","- **Relevance Score:** 100/100 - **Relevance Tag:** Highly Relevant - **Reasoning:** Uses Arabic ASR with custom phonetic script and multi-level CTC, providing a large annotated Quranic dataset; focuses on Arabic speech processing and recognition, employs modern neural models, but lacks public benchmark evaluation, multilingual work, or real-time implementation.","Assessing spoken language is challenging, and quantifying pronunciation metrics for machine learning models is even harder. However, for the Holy Quran, this task is simplified by the rigorous recitation rules (tajweed) established by Muslim scholars, enabling highly effective assessment. Despite this advantage, the scarcity of high-quality annotated data remains a significant barrier. In this work, we bridge these gaps by introducing: (1) A 98% automated pipeline to produce high-quality Quranic datasets -- encompassing: Collection of recitations from expert reciters, Segmentation at pause points (waqf) using our fine-tuned wav2vec2-BERT model, Transcription of segments, Transcript verification via our novel Tasmeea algorithm; (2) 850+ hours of audio (~300K annotated utterances); (3) A novel ASR-based approach for pronunciation error detection, utilizing our custom Quran Phonetic Script (QPS) to encode Tajweed rules (unlike the IPA standard for Modern Standard Arabic). QPS uses a two-level script: (Phoneme level): Encodes Arabic letters with short/long vowels. (Sifa level): Encodes articulation characteristics of every phoneme. We further include comprehensive modeling with our novel multi-level CTC Model which achieved 0.16% average Phoneme Error Rate (PER) on the testset. We release all code, data, and models as open-source: https://obadx.github.io/prepare-quran-dataset/"
"Open Automatic Speech Recognition Models for Classical and Modern Standard Arabic","https://arxiv.org/abs/2507.13977v1","2025","Preprint","","Lilit Grigoryan
Nikolay Karpov
Enas Albasiri
Vitaly Lavrukhin
Boris Ginsburg","","https://arxiv.org/pdf/2507.13977v1","Yes","","","","","","","http://arxiv.org/abs/2507.13977v1","2025-07-18T14:42:18Z","cs.CL","cs.CL, eess.AS","arXiv","- **Relevance Score:** 100/100 - **Relevance Tag:** Highly Relevant - **Reasoning:** Uses FastConformer to train MSA and unified MSA‑Classical Arabic ASR models, open‑sources them, reports SOTA WER on public corpora; focuses on Arabic speech recognition, includes thorough evaluation, but does not target low‑resource methods, multilingual beyond Arabic variants, or real‑time deployment.","Despite Arabic being one of the most widely spoken languages, the development of Arabic Automatic Speech Recognition (ASR) systems faces significant challenges due to the language's complexity, and only a limited number of public Arabic ASR models exist. While much of the focus has been on Modern Standard Arabic (MSA), there is considerably less attention given to the variations within the language. This paper introduces a universal methodology for Arabic speech and text processing designed to address unique challenges of the language. Using this methodology, we train two novel models based on the FastConformer architecture: one designed specifically for MSA and the other, the first unified public model for both MSA and Classical Arabic (CA). The MSA model sets a new benchmark with state-of-the-art (SOTA) performance on related datasets, while the unified model achieves SOTA accuracy with diacritics for CA while maintaining strong performance for MSA. To promote reproducibility, we open-source the models and their training recipes."
"Connecting Arabs: Bridging the gap in dialectal speech recognition","https://dl.acm.org/doi/abs/10.1145/3451150","2021","Journal Article","Communications of The ACM","Ahmed Ali
Shammur Absar Chowdhury
Mohamed Afify
Wassim El-Hajj
Hazem Hajj
Mourad Abbas
Amir Hussein
Nada Ghneim
Mohammad A. M. Abushariah
Assal Ali Mustafa Alqudah","10.1145/3451150","https://dl.acm.org/doi/pdf/10.1145/3451150","No","34","ro_mYPT22n4J","","","","","","","","","SciSpace","- **Relevance Score:** 100/100 - **Relevance Tag:** Highly Relevant - **Reasoning:** Focuses on dialectal Arabic ASR, presenting challenges and analysis; uses standard methods without neural end‑to‑end models or extensive evaluations; touches on data scarcity but lacks dedicated low‑resource techniques.","AUTOMATIC SPEECH RECOGNITION refers to the process through which speech is converted into text. Over the decades, automatic speech recognition has achieved many milestones, thanks to advances in machine learning and low-cost computer hardware. As a result, the best systems for English have achieved a single-digit word error rate (WER) and, in some conversational tasks, performance is comparable to human transcribers. This led researchers to debate whether the machine has reached human parity in speech recognition.9,16 Unlike English, speech recognition in Arabic faces many challenges, even with such advanced techniques. Arabic poses a set of unique challenges due to its rich dialectal variety, with modern standard Arabic (MSA) being the only standardized dialect. MSA is syntactically, morphologically, and phonologically grounded on classical Arabic, the language of the Qur’an (Islam’s Holy Book). Lexically, however, it is much more modern. MSA is taught in schools across the Arab region and is the main language in news broadcasts, parliaments, and formal speech. This is one of the main reasons why MSA has been the main choice for speech and language technology for the last two decades. The current WER for MSA automatic speech recognition (ASR) is about 13%, and is worse for dialectal ASR, where the WER averages 30%.1,3 Remarkably, the 400 million Arabic native speakers (estimated in 2020) use Dialectal Arabic (DA) as their means of communication in dayto-day speech. MSA is not the native language of any Arab. Dialects used to be primarily spoken, not written. However, this has changed with the rise of Web 2.0, when DA became a written, as well as a spoken, language. An objective comparison of the varieties of Arabic dialects could potentially lead to the conclusion that Arabic dialects are historically related, and that they are not mutually intelligible languages like English and Dutch. Normal vernacular can be difficult to understand across different Arabic dialects. The tomato example in Figure 1 shows lexical variation across multiple Arabic countries. How different is tomato in Arabic compared to English? In English, there is one lexical form for tomato and two phonological variations, with a 16.7% difference between to-MAY-to and to-MAH-to, while DA has 10 lexical variations with 67% average-character difference and 15 phonological variaDOI:10.1145/3451150"
"VoxArabica: A Robust Dialect-Aware Arabic Speech Recognition System","https://scispace.com/papers/voxarabica-a-robust-dialect-aware-arabic-speech-recognition-2k8cmhx10w","2023","Journal Article","","Abdül Waheed
Bashar Talafha
Peter Sullivan
AbdelRahim Elmadany
Muhammad Abdul-Mageed","10.18653/v1/2023.arabicnlp-1.38","https://scispace.com/pdf/voxarabica-a-robust-dialect-aware-arabic-speech-recognition-2k8cmhx10w.pdf","No","","","","","","","","","","","SciSpace Full Text","- **Relevance Score:** 100/100 - **Relevance Tag:** Highly Relevant - **Reasoning:** Provides a robust dialect-aware Arabic ASR system, directly addressing Arabic speech processing and recognition. Uses dialect identification integration but lacks details on end‑to‑end neural models, extensive benchmarks, or real‑time implementation; mentions low‑resource dialects and multi‑dialect handling.","Arabic is a complex language with many varieties and dialects spoken by ~ 450 millions all around the world. Due to the linguistic diversity and vari-ations, it is challenging to build a robust and gen-eralized ASR system for Arabic. In this work, we address this gap by developing and demoing a system, dubbed VoxArabica, for dialect identi-fication (DID) as well as automatic speech recog-nition (ASR) of Arabic. We train a wide range of models such as HuBERT (DID), Whisper, and XLS-R (ASR) in a supervised setting for Arabic DID and ASR tasks. Our DID models are trained to identify 17 different dialects in addition to MSA. We finetune our ASR models on MSA, Egyptian, Moroccan, and mixed data. Additionally, for the re-maining dialects in ASR, we provide the option to choose various models such as Whisper and MMS in a zero-shot setting. We integrate these models into a single web interface with diverse features such as audio recording, file upload, model selec-tion, and the option to raise flags for incorrect out-puts. Overall, we believe VoxArabica will be use-ful for a wide range of audiences concerned with Arabic research. Our system is currently running at https://cdce-206-12-100-168.ngrok.io/."
"Investigating the effects of gender, dialect, and training size on the performance of Arabic speech recognition","https://scispace.com/papers/investigating-the-effects-of-gender-dialect-and-training-25tpoopgbv","2020","Journal Article","Language Resources and Evaluation","Eiman Alsharhan
Allan Ramsay","10.1007/S10579-020-09505-5","https://scispace.com/pdf/investigating-the-effects-of-gender-dialect-and-training-25tpoopgbv.pdf","Yes","40","","","","","","","","","","SciSpace Full Text","- **Relevance Score:** 100/100 - **Relevance Tag:** Highly Relevant - **Reasoning:** Focuses on Arabic ASR, analyzing gender, dialect, and training size impacts; uses extensive experiments on Arabic corpora reporting WER. Explores data size effects, relevant to low-resource studies. Evaluation is thorough. No neural end‑to‑end, multilingual, or real‑time aspects.","Research in Arabic automatic speech recognition (ASR) is constrained by datasets of limited size, and of highly variable content and quality. Arabic-language resources vary in the attributes that affect language resources in other languages (noise, channel, speaker, genre), but also vary significantly in the dialect and level of formality of the spoken Arabic they capture. Many languages suffer similar levels of cross-dialect and cross-register acoustic variability, but these effects have been under-studied. This paper is an experimental analysis of the interaction between classical ASR corpus-compensation methods (feature selection, data selection, gender-dependent acoustic models) and the dialect-dependent/register-dependent variation among Arabic ASR corpora. The first interaction studied in this paper is that between acoustic recording quality and discrete pronunciation variation. Discrete pronunciation variation can be compensated by using grapheme-based instead of phone-based acoustic models, and by filtering out speakers with insufficient training data; the latter technique also helps to compensate for poor recording quality, which is further compensated by eliminating delta-delta acoustic features. All three techniques, together, reduce Word Error Rate (WER) by between 3.24% and 5.35%. The second aspect of dialect and register variation to be considered is variation in the fine-grained acoustic pronunciations of each phoneme in the language. Experimental results prove that gender and dialect are the principal components of variation in speech, therefore, building gender and dialect-specific models leads to substantial decreases in WER. In order to further explore the degree of acoustic differences between phone models required for each of the dialects of Arabic, cross-dialect experiments are conducted to measure how far apart Arabic dialects are acoustically in order to make a better decision about the minimal number of recognition systems needed to cover all dialectal Arabic. Finally, the research addresses an important question: how much training data is needed for building efficient speaker-independent ASR systems? This includes developing some learning curves to find out how large must the training set be to achieve acceptable performance."
"ELYADATA & LIA at NADI 2025: ASR and ADI Subtasks","https://arxiv.org/abs/2511.10090v1","2025","Preprint","","Haroun Elleuch
Youssef Saidi
Salima Mdhaffar
Yannick Estève
Fethi Bougares","10.18653/v1/2025.arabicnlp-sharedtasks.105","https://arxiv.org/pdf/2511.10090v1","Yes","","","","","","","http://arxiv.org/abs/2511.10090v1","2025-11-13T08:44:39Z","cs.CL","cs.CL","arXiv","- **Relevance Score:** 100/100 - **Relevance Tag:** Highly Relevant - **Reasoning:** Uses Whisper-large-v3 and SeamlessM4T fine‑tuned for Arabic dialect ASR, with data augmentation and challenge‑set WER/CER reporting.","This paper describes Elyadata \& LIA's joint submission to the NADI multi-dialectal Arabic Speech Processing 2025. We participated in the Spoken Arabic Dialect Identification (ADI) and multi-dialectal Arabic ASR subtasks. Our submission ranked first for the ADI subtask and second for the multi-dialectal Arabic ASR subtask among all participants. Our ADI system is a fine-tuned Whisper-large-v3 encoder with data augmentation. This system obtained the highest ADI accuracy score of \textbf{79.83\%} on the official test set. For multi-dialectal Arabic ASR, we fine-tuned SeamlessM4T-v2 Large (Egyptian variant) separately for each of the eight considered dialects. Overall, we obtained an average WER and CER of \textbf{38.54\%} and \textbf{14.53\%}, respectively, on the test set. Our results demonstrate the effectiveness of large pre-trained speech models with targeted fine-tuning for Arabic speech processing."
"Arabic speech recognition by end-to-end, modular systems and human","https://scispace.com/papers/arabic-speech-recognition-by-end-to-end-modular-systems-and-3c3f6ab6","2022","Journal Article","Computer Speech & Language","","10.1016/j.csl.2021.101272","https://scispace.com/pdf/arabic-speech-recognition-by-end-to-end-modular-systems-and-3c3f6ab6.pdf","Yes","","","","","","","","","","","SciSpace Full Text","- **Relevance Score:** 100/100 - **Relevance Tag:** Highly Relevant - **Reasoning:** Uses end‑to‑end Transformer models for Arabic ASR, evaluates on dialectal and MSA corpora with detailed WER results; modest low‑resource coverage; no multilingual or real‑time focus.",""
"NADI 2025: The First Multidialectal Arabic Speech Processing Shared Task","https://arxiv.org/abs/2509.02038v2","2025","Preprint","","Bashar Talafha
Hawau Olamide Toyin
Peter Sullivan
AbdelRahim Elmadany
Abdurrahman Juma
Amirbek Djanibekov
Chiyu Zhang
Hamad Alshehhi
Hanan Aldarmaki
Mustafa Jarrar
Nizar Habash
Muhammad Abdul-Mageed","","https://arxiv.org/pdf/2509.02038v2","Yes","","","","","","","http://arxiv.org/abs/2509.02038v2","2025-09-03T22:50:00Z","cs.CL","cs.CL, cs.SD","arXiv","- **Relevance Score:** 100/100 - **Relevance Tag:** Highly Relevant - **Reasoning:** Focuses on Arabic speech processing and ASR via shared‑task results; includes dialect ID, recognition, and diacritic restoration with detailed WER/CER evaluation.","We present the findings of the sixth Nuanced Arabic Dialect Identification (NADI 2025) Shared Task, which focused on Arabic speech dialect processing across three subtasks: spoken dialect identification (Subtask 1), speech recognition (Subtask 2), and diacritic restoration for spoken dialects (Subtask 3). A total of 44 teams registered, and during the testing phase, 100 valid submissions were received from eight unique teams. The distribution was as follows: 34 submissions for Subtask 1 ""five teamsæ, 47 submissions for Subtask 2 ""six teams"", and 19 submissions for Subtask 3 ""two teams"". The best-performing systems achieved 79.8% accuracy on Subtask 1, 35.68/12.20 WER/CER (overall average) on Subtask 2, and 55/13 WER/CER on Subtask 3. These results highlight the ongoing challenges of Arabic dialect speech processing, particularly in dialect identification, recognition, and diacritic restoration. We also summarize the methods adopted by participating teams and briefly outline directions for future editions of NADI."
"Development of a Deep Learning-based Arabic Speech Recognition System for Automatons","https://scispace.com/papers/development-of-a-deep-learning-based-arabic-speech-cmclph2c5tch","2024","Journal Article","Engineering, Technology & Applied Science Research","Abdulrahman Alahmadi
Ahmed Alahmadi
Eman Alduweib
Waseem Alromema
Beena Ahmed","10.48084/etasr.8661","https://scispace.com/pdf/development-of-a-deep-learning-based-arabic-speech-cmclph2c5tch.pdf","No","","","","","","","","","","","SciSpace Full Text","- **Relevance Score:** 100/100 - **Relevance Tag:** Highly Relevant - **Reasoning:** Uses LSTM/GRU deep models for Arabic ASR achieving 4.69% WER; evaluates on own dataset with precision 99%; lacks modern end‑to‑end architectures and public‑corpus benchmarks.","The latest developments in voice recognition have achieved amazing results that are on par with those of human transcribers. However, this significant efficiency may not apply to all languages, nor Arabic. Arabic is the native language of 22 countries and is spoken by approximately 400 million individuals. Verbal difficulties have become a growing problem in recent decades, especially among children, and data samples on Arabic phonetic recognition are limited. For Arabic pronunciation, Artificial Intelligence (AI) techniques show encouraging results. Some devices, such as the Servox Digital Electro-Larynx (EL), can produce voice for such individuals. This study presents a Deep Learning-based Arabic speech recognition system for automatons to recognize captured sounds from the Servox Digital EL. The proposed system employs an autoencoder using a mix of Long-Short-Term Memory (LSTM), and Gated Recurrent Unit (GRU) models. The proposed approach has three main stages: de-noising, feature extraction, and Arabic pronunciation. The experimental findings demonstrate that the proposed model was 95.31% accurate for Arabic speech recognition. The evaluation shows that the use of GRU in both the encoding and decoding structures improves efficiency. The proposed model had a Word Error Rate (WER) of 4.69%. The test results demonstrate that the proposed model can be used to create a real-time application to recognize commonly spoken Arabic words."
"Deep Learning Methods for Arabic Autoencoder Speech Recognition System for Electro-Larynx Device","https://scispace.com/papers/deep-learning-methods-for-arabic-autoencoder-speech-2tkw03p7","2023","Journal Article","Advances in Human-computer Interaction","Z. J. Mohammed Ameen
Abdulkareem Abdulrahman Kadhim","10.1155/2023/7398538","https://scispace.com/pdf/deep-learning-methods-for-arabic-autoencoder-speech-2tkw03p7.pdf","Yes","","","","","","","","","","","SciSpace Full Text","- **Relevance Score:** 100/100 - **Relevance Tag:** Highly Relevant - **Reasoning:** Uses LSTM/GRU autoencoder for Arabic speech recognition achieving 95% accuracy (WER 4.1%). Employs neural RNNs but lacks modern end‑to‑end models; no low‑resource, multilingual, or real‑time focus.","Recent advances in speech recognition have achieved remarkable performance comparable with human transcribers’ abilities. But this significant performance is not the same for all the spoken languages. The Arabic language is one of them. Arabic speech recognition is bounded to the lack of suitable datasets. Artificial intelligence algorithms have shown promising capabilities for Arabic speech recognition. Arabic is the official language of 22 countries, and it has been estimated that 400 million people speak the Arabic language worldwide. Speech disabilities have been one of the expanding problems in the last decades, even in kids. Some devices can be used to generate speech for those people. One of these devices is the Servox Digital Electro-Larynx (EL). In this research, we developed an autoencoder with a combination of long short-term memory (LSTM) and gated recurrent units (GRU) models to recognize recorded signals from Servox Digital EL Electro-Larynx. The proposed framework consisted of three steps: denoising, feature extraction, and Arabic speech recognition. The experimental results show 95.31% accuracy for Arabic speech recognition with the proposed model. In this research, we evaluated different combinations of LSTM and GRU for constructing the best autoencoder. A rigorous evaluation process indicates better performance with the use of GRU in both encoder and decoder structures. The proposed model achieved a 4.69% word error rate (WER). Experimental results confirm that the proposed model can be used for developing a real-time app to recognize common Arabic spoken words."
"Towards Zero-Shot Text-To-Speech for Arabic Dialects","https://scispace.com/papers/towards-zero-shot-text-to-speech-for-arabic-dialects-4r3vpyf5ul","2024","Preprint","","Khoa D. Doan
Abdül Waheed
Muhammad Abdul-Mageed","10.48550/arxiv.2406.16751","https://scispace.com/pdf/towards-zero-shot-text-to-speech-for-arabic-dialects-4r3vpyf5ul.pdf","No","","","","","","","","","","","SciSpace","- **Relevance Score:** 100/100 - **Relevance Tag:** Highly Relevant - **Reasoning:** Provides zero-shot Arabic dialect TTS using neural XTTS, tackles low-resource data, offers thorough evaluation, but lacks public corpus benchmarks and real-time focus.","Zero-shot multi-speaker text-to-speech (ZS-TTS) systems have advanced for English, however, it still lags behind due to insufficient resources. We address this gap for Arabic, a language of more than 450 million native speakers, by first adapting a sizeable existing dataset to suit the needs of speech synthesis. Additionally, we employ a set of Arabic dialect identification models to explore the impact of pre-defined dialect labels on improving the ZS-TTS model in a multi-dialect setting. Subsequently, we fine-tune the XTTS\footnote{https://docs.coqui.ai/en/latest/models/xtts.html}\footnote{https://medium.com/machine-learns/xtts-v2-new-version-of-the-open-source-text-to-speech-model-af73914db81f}\footnote{https://medium.com/@erogol/xtts-v1-techincal-notes-eb83ff05bdc} model, an open-source architecture. We then evaluate our models on a dataset comprising 31 unseen speakers and an in-house dialectal dataset. Our automated and human evaluation results show convincing performance while capable of generating dialectal speech. Our study highlights significant potential for improvements in this emerging area of research in Arabic."
"Arabic Little STT: Arabic Children Speech Recognition Dataset","https://arxiv.org/abs/2510.23319v1","2025","Preprint","","Mouhand Alkadri
Dania Desouki
Khloud Al Jallad","","https://arxiv.org/pdf/2510.23319v1","Yes","","","","","","","http://arxiv.org/abs/2510.23319v1","2025-10-27T13:30:54Z","cs.CL","cs.CL, cs.AI, cs.HC, cs.LG, cs.SD","arXiv","- **Relevance Score:** 100/100 - **Relevance Tag:** Highly Relevant - **Reasoning:** Provides Arabic child speech dataset and evaluates Whisper ASR, directly addressing Arabic speech processing and recognition. Uses transformer‑based Whisper (end‑to‑end). Highlights low‑resource challenges, limited evaluation; no multilingual or real‑time focus.","The performance of Artificial Intelligence (AI) systems fundamentally depends on high-quality training data. However, low-resource languages like Arabic suffer from severe data scarcity. Moreover, the absence of child-specific speech corpora is an essential gap that poses significant challenges. To address this gap, we present our created dataset, Arabic Little STT, a dataset of Levantine Arabic child speech recorded in classrooms, containing 355 utterances from 288 children (ages 6 - 13). We further conduct a systematic assessment of Whisper, a state-of-the-art automatic speech recognition (ASR) model, on this dataset and compare its performance with adult Arabic benchmarks. Our evaluation across eight Whisper variants reveals that even the best-performing model (Large_v3) struggles significantly, achieving a 0.66 word error rate (WER) on child speech, starkly contrasting with its sub 0.20 WER on adult datasets. These results align with other research on English speech. Results highlight the critical need for dedicated child speech benchmarks and inclusive training data in ASR development. Emphasizing that such data must be governed by strict ethical and privacy frameworks to protect sensitive child information. We hope that this study provides an initial step for future work on equitable speech technologies for Arabic-speaking children. We hope that our publicly available dataset enrich the children's demographic representation in ASR datasets."
"HARNESS: Lightweight Distilled Arabic Speech Foundation Models","https://arxiv.org/abs/2509.14689v1","2025","Preprint","","Vrunda N. sukhadia
Shammur Absar Chowdhury","","https://arxiv.org/pdf/2509.14689v1","Yes","","","","","","","http://arxiv.org/abs/2509.14689v1","2025-09-18T07:30:37Z","cs.CL","cs.CL","arXiv","- **Relevance Score:** 97/100 - **Relevance Tag:** Highly Relevant - **Reasoning:** Uses Arabic‑centric self‑supervised models, distills to lightweight ASR‑focused students, leverages transformer‑based SSL, targets low‑resource deployment, evaluates on multiple Arabic tasks, includes bilingual training, hints at real‑time suitability.","Large pre-trained speech models excel in downstream tasks but their deployment is impractical for resource-limited environments. In this paper, we introduce HArnESS, the first Arabic-centric self-supervised speech model family, designed to capture Arabic speech nuances. Using iterative self-distillation, we train large bilingual HArnESS (HL) SSL models and then distill knowledge into compressed student models (HS, HST), preserving Arabic-specific representations. We use low-rank approximation to further compact the teacher's discrete supervision into shallow, thin models. We evaluate HArnESS on Arabic ASR, Speaker Emotion Recognition (SER), and Dialect Identification (DID), demonstrating effectiveness against HuBERT and XLS-R. With minimal fine-tuning, HArnESS achieves SOTA or comparable performance, making it a lightweight yet powerful alternative for real-world use. We release our distilled models and findings to support responsible research and deployment in low-resource settings."
"MASC: Massive Arabic Speech Corpus","https://scispace.com/papers/masc-massive-arabic-speech-corpus-1sslca2z","2023","Proceedings Article","Spoken Language Technology Workshop","Mohammad Al-Fetyani
Muhammad Al-Barham
Gheith A. Abandah
Adham Alsharkawi
Maha Dawas","10.1109/SLT54892.2023.10022652","","No","","","","","","","","","","","SciSpace","- **Relevance Score:** 87/100 - **Relevance Tag:** Highly Relevant - **Reasoning:** Provides a 1,000‑hour multi‑dialect Arabic speech corpus and baseline ASR model; evaluates on internal sets, but lacks neural end‑to‑end, low‑resource, multilingual, or real‑time innovations.","This paper describes the creation of the Massive Arabic Speech Corpus (MASC)11https://ieee-dataport.org/open-access/massive-arabic-speech-corpus-masc. MASC is a dataset that contains 1,000 hours of speech sampled at 16 kHz and crawled from over 700 YouTube channels. The dataset is multi-regional, multi-genre, and multi-dialect intended to advance the research and development of Arabic speech technology with a special emphasis on Arabic speech recognition. In addition to MASC, a pre-trained 3-gram language model and a pre-trained automatic speech recognition model are also developed and made available to interested researchers. To enhance the language model, a new and inclusive Arabic speech corpus is required, and thus, a dataset of 12 M unique Arabic words, originally crawled from Twitter, is also created and released. Evaluating on our newly introduced evaluation sets, the best word error rate achieved by the speech recognition model is 19.8% for the clean development set and 21.8% for the clean test set."
"ArabAlg: A new Dataset for Arabic Speech Command Recognition for Machine Learning Applications","https://scispace.com/papers/arabalg-a-new-dataset-for-arabic-speech-command-recognition-2p4dwozzk5","2024","Journal Article","International Journal of Computing and Digital Systems","Nourredine Oukas
Samia Haboussi
Chafik MAIZA
Nassim BENSLIMANE","10.12785/ijcds/150170","https://scispace.com/pdf/arabalg-a-new-dataset-for-arabic-speech-command-recognition-2p4dwozzk5.pdf","No","","","","","","","","","","","SciSpace Full Text","- **Relevance Score:** 87/100 - **Relevance Tag:** Highly Relevant - **Reasoning:** Provides a new Arabic speech command dataset for ASR research; lacks novel neural models, extensive cross‑lingual or real‑time evaluations.",""
"Arabic Automatic Speech Recognition: A Systematic Literature Review","https://scispace.com/papers/arabic-automatic-speech-recognition-a-systematic-literature-3cnhc6ns","2022","Journal Article","Applied Sciences","Amira Dhouib
Achraf Othman
Oussama El Ghoul
Mohamed Koutheair Khribi
Aisha Al Sinani","10.3390/app12178898","https://scispace.com/pdf/arabic-automatic-speech-recognition-a-systematic-literature-3cnhc6ns.pdf","Yes","30","","","","","","","","","","SciSpace Full Text","- **Relevance Score:** 85/100 - **Relevance Tag:** Highly Relevant - **Reasoning:** Provides a thorough review of Arabic ASR methods, datasets, and toolkits; highlights dialectal gaps and low-resource challenges but lacks novel neural models, experiments, or real-time implementations.","Automatic Speech Recognition (ASR), also known as Speech-To-Text (STT) or computer speech recognition, has been an active field of research recently. This study aims to chart this field by performing a Systematic Literature Review (SLR) to give insight into the ASR studies proposed, especially for the Arabic language. The purpose is to highlight the trends of research about Arabic ASR and guide researchers with the most significant studies published over ten years from 2011 to 2021. This SLR attempts to tackle seven specific research questions related to the toolkits used for developing and evaluating Arabic ASR, the supported type of the Arabic language, the used feature extraction/classification techniques, the type of speech recognition, the performance of Arabic ASR, the existing gaps facing researchers, along with some future research. Across five databases, 38 studies met our defined inclusion criteria. Our results showed different open-source toolkits to support Arabic speech recognition. The most prominent ones were KALDI, HTK, then CMU Sphinx toolkits. A total of 89.47% of the retained studies cover modern standard Arabic, whereas 26.32% of them were dedicated to different dialects of Arabic. MFCC and HMM were presented as the most used feature extraction and classification techniques, respectively: 63% of the papers were based on MFCC and 21% were based on HMM. The review also shows that the performance of Arabic ASR systems depends mainly on different criteria related to the availability of resources, the techniques used for acoustic modeling, and the used datasets."
"Advancing Limited Data Text-to-Speech Synthesis: Non-Autoregressive Transformer for High-Quality Parallel Synthesis","https://scispace.com/papers/advancing-limited-data-text-to-speech-synthesis-non-2g3l7rgtg8","2023","Proceedings Article","","Mohammed Salah Al-Radhi
Omnia Ibrahim
Ali R. Mandeel
Tamás Gábor Csapó
Géza Németh","10.1109/sped59241.2023.10314948","","No","","","","","","","","","","","SciSpace","- **Relevance Score:** 84/100 - **Relevance Tag:** Highly Relevant - **Reasoning:** Uses a non‑autoregressive Transformer to build a lightweight Arabic TTS system, targeting fast inference and low‑resource scenarios, with acoustic analysis and listening tests but no public corpus benchmarks or multilingual experiments.","Despite the impressive results achieved by autoregressive generative models like Tacotron2 in end-to-end speech synthesis, their slow inference speed remains a significant drawback. To overcome this limitation, non-autoregressive Text-to-Speech (TTS) models like FastSpeech2 and neural vocoders like AutoVocoder, have emerged as faster alternatives with comparable quality. In this work, we present a novel lightweight Arabic TTS system based on a transformer architecture that utilizes fewer parameters than Tacotron2. Our approach combines convolutional and transformer-based blocks and is fully based on a non-autoregressive training framework. Our system can accurately reproduce the characteristics of natural speech like tone, pitch, timing and word pronunciation with state-of-the-art quality, making it suitable for practical applications like speech synthesis for low-resource languages and conversational agents. Our method is validated by acoustic analysis and subjective listening tests."
"DNN-based grapheme-to-phoneme conversion for Arabic text-to-speech synthesis","https://scispace.com/papers/dnn-based-grapheme-to-phoneme-conversion-for-arabic-text-to-3844c04t37","2020","Journal Article","International Journal of Speech Technology","Ikbel Hadj Ali
Zied Mnasri
Zied Lachiri","10.1007/S10772-020-09750-7","","No","","","","","","","","","","","SciSpace","- **Relevance Score:** 82/100 - **Relevance Tag:** Highly Relevant - **Reasoning:** Perfectly matches Arabic TTS focus with a DNN grapheme‑to‑phoneme module; somewhat relevant to Arabic speech processing and evaluation via diacritic accuracy; other nice‑to‑have aspects not covered.","Arabic text-to-speech synthesis from non-diacritized text is still a big challenge, because of unique Arabic language rules and characteristics. Indeed, the diacritic and gemination signs, which are special characters representing respectively short vowels and consonant doubling, have a major effect on accurate pronunciation of Arabic. However these signs are often not mentioned in written texts, since most of Arab readers are used to guess them from the context. To tackle this issue, this paper presents a grapheme-to-phoneme conversion system for Arabic, which constitutes the text processing module of a deep neural networks (DNN)-based Arabic TTS systems. In the case of Arabic text, this step starts with predicting the diacritic and gemination signs. In this work, this step was fully realized based on DNN. Finally, the grapheme-to-phoneme conversion of the diacritized text was achieved using the Buckwalter code. In comparison to state-of-the-art approaches, the proposed system gives a higher accuracy rate either for all phonemes or for each class, and high precision, recall and F1 score for each class of diacritic signs."
"Arabic Text-To-Speech (TTS) Data Preparation","https://scispace.com/papers/arabic-text-to-speech-tts-data-preparation-2tohpbns","2022","Posted Content","","","10.48550/arxiv.2204.03255","https://scispace.com/pdf/arabic-text-to-speech-tts-data-preparation-2tohpbns.pdf","Yes","","","","","","","","","","","SciSpace Full Text","- **Relevance Score:** 77/100 - **Relevance Tag:** Highly Relevant - **Reasoning:** Provides Arabic TTS dataset creation methods, directly supporting synthesis; lacks neural models, extensive evaluation, multilingual or real‑time aspects, but aids low‑resource scenarios.","People may be puzzled by the fact that voice over recordings data sets exist in addition to Text-to-Speech (TTS), Synthesis system advancements, albeit this is not the case. The goal of this study is to explain the relevance of TTS as well as the data preparation procedures. TTS relies heavily on recorded data since it can have a substantial influence on the outcomes of TTS modules. Furthermore, whether the domain is specialized or general, appropriate data should be developed to address all predicted language variants and domains. Different recording methodologies, taking into account quality and behavior, may also be advantageous in the development of the module. In light of the lack of Arabic language in present synthesizing systems, numerous variables that impact the flow of recorded utterances are being considered in order to manipulate an Arabic TTS module. In this study, two viewpoints will be discussed: linguistics and the creation of high-quality recordings for TTS. The purpose of this work is to offer light on how ground-truth utterances may influence the evolution of speech systems in terms of naturalness, intelligibility, and understanding. Well provide voice actor specs as well as data specs that will assist both voice actors and voice coaches in the studio as well as the annotators who will be evaluating the audios."
"Arabic Dysarthric Speech Recognition Using Adversarial and Signal-Based
  Augmentation","https://scispace.com/papers/arabic-dysarthric-speech-recognition-using-adversarial-and-39wdx1db","2023","Posted Content","","","10.48550/arxiv.2306.04368","https://scispace.com/pdf/arabic-dysarthric-speech-recognition-using-adversarial-and-39wdx1db.pdf","Yes","","","","","","","","","","","SciSpace","- **Relevance Score:** 77/100 - **Relevance Tag:** Highly Relevant - **Reasoning:** Uses Arabic dysarthric speech augmentation and Conformer ASR, leverages cross‑lingual adversarial model, targets low‑resource scenario, but evaluation limited to synthetic Arabic and English data, no real‑time focus.","Despite major advancements in Automatic Speech Recognition (ASR), the state-of-the-art ASR systems struggle to deal with impaired speech even with high-resource languages. In Arabic, this challenge gets amplified, with added complexities in collecting data from dysarthric speakers. In this paper, we aim to improve the performance of Arabic dysarthric automatic speech recognition through a multi-stage augmentation approach. To this effect, we first propose a signal-based approach to generate dysarthric Arabic speech from healthy Arabic speech by modifying its speed and tempo. We also propose a second stage Parallel Wave Generative (PWG) adversarial model that is trained on an English dysarthric dataset to capture language-independant dysarthric speech patterns and further augment the signal-adjusted speech samples. Furthermore, we propose a fine-tuning and text-correction strategies for Arabic Conformer at different dysarthric speech severity levels. Our fine-tuned Conformer achieved 18% Word Error Rate (WER) and 17.2% Character Error Rate (CER) on synthetically generated dysarthric speech from the Arabic commonvoice speech dataset. This shows significant WER improvement of 81.8% compared to the baseline model trained solely on healthy data. We perform further validation on real English dysarthric speech showing a WER improvement of 124% compared to the baseline trained only on healthy English LJSpeech dataset."
"Deep Investigation of the Recent Advances in Dialectal Arabic Speech Recognition","https://scispace.com/papers/deep-investigation-of-the-recent-advances-in-dialectal-35bwwwom","2022","Journal Article","IEEE Access","","10.1109/access.2022.3177191","","Yes","","","","","","","","","","","SciSpace","- **Relevance Score:** 75/100 - **Relevance Tag:** Highly Relevant - **Reasoning:** Provides a detailed survey of dialectal Arabic ASR techniques and datasets, but lacks novel neural models, low‑resource methods, experimental results, multilingual or real‑time implementations.","Speech recognition systems play an important role in human&#x2013;machine interactions. Many systems exist for Arabic speech, however, there are limited systems for dialectal Arabic speech. The Arabic language comprises many properties, some of which are ideal for building automatic speech recognition systems such as syntax and phonology, while other properties are unsuitable for developing speech systems. Importantly, most data are in non-diacritized form, vary in dialect, and contain morphological complexity. Moreover, the Arabic dialects lack a standard structure. In this paper, we present an overview and summation of dialectal Arabic speech recognition systems using different approaches and techniques. The main goal of this paper is to compare and discuss different studies in dialectal Arabic speech systems including several criteria such as techniques, datasets, evaluation metrics, and dialect types. The study also includes a description of some techniques used in all steps of the dialectal Arabic speech system and introduces challenges and problems. Overall, more studies are required to obtain a more accurate speech system for dialectal Arabic."
"Advancements in Arabic Text-to-Speech Systems: A 22-Year Literature Review","https://scispace.com/papers/advancements-in-arabic-text-to-speech-systems-a-22-year-2aeis4ml","2023","Journal Article","IEEE Access","","10.1109/access.2023.3260844","","Yes","","","","","","","","","","","SciSpace","- **Relevance Score:** 75/100 - **Relevance Tag:** Highly Relevant - **Reasoning:** Provides a systematic review of Arabic TTS techniques, detailing synthesis methods, corpora, and evaluation practices, but lacks original neural models, low‑resource methods, extensive experiments, multilingual or real‑time contributions.","Although there are several speech synthesis models available for different languages tailored to specific domain requirements and applications, there is currently no readily available information on the latest trends in Arabic language speech synthesis. This can make it challenging for beginners to research and develop text-to-speech (TTS) systems for Arabic languages. To address this issue, this article provides a comprehensive overview of several scholars’ contributions to the field of Arabic TTS, along with an examination of the unique features of the Arabic language and the corresponding challenges in creating TTS systems. Reporting only on papers discussing Arabic TTS, this systematic review evaluated the available literature published between 2000 and 2022. We conducted a systematic review in six databases using preferred reporting items for systematic reviews and meta-analyses (PRISMA) guidelines to identify studies that addressed Arabic Text-to-Speech systems. Of a total of 3719 articles identified, only 36 (0.96%) articles met our search criteria. Bibliometric analyses of these studies were conducted and reported. The results highlight the main types of speech synthesis techniques used in TTS systems: concatenative, formant, deep neural network (DNN), hybrid models, and multiagent. The corpora used to develop these systems, as well as the diacritization techniques incorporated, evaluation techniques, and the results of the performance of the systems are reported. Subjective evaluation using the mean opinion score is most applied to measure the accuracy of systems. This study also identifies gaps in the literature and makes recommendations for future research directions."
"The Challenges of Developing a Living Arabic Phonetic Dictionary for Speech Recognition System: A Literature Review","https://scispace.com/papers/the-challenges-of-developing-a-living-arabic-phonetic-2a7pi2zba2","2021","Journal Article","","Mohammad Husam Alhumsi
Saleh Belhassen","10.21467/AJSS.8.1.164-170","https://scispace.com/pdf/the-challenges-of-developing-a-living-arabic-phonetic-2a7pi2zba2.pdf","Yes","","","","","","","","","","","SciSpace Full Text","- **Relevance Score:** 75/100 - **Relevance Tag:** Highly Relevant - **Reasoning:** Uses Arabic phonetic dictionary analysis to highlight ASR challenges; discusses data scarcity and vowel handling but lacks novel neural models, experiments, multilingual or real-time aspects.","Phonetic dictionaries are regarded as pivotal components of speech recognition systems. The function of speech recognition research is to generate a machine which will accurately identify and distinguish the normal human speech from any other speaker. Literature affirmed that Arabic phonetics is one of the major problems in Arabic speech recognition. Therefore, this paper reviews previous studies tackling the challenges faced by initiating an Arabic phonetic dictionary with respect to Arabic speech recognition. It has been found that the system of speech recognition investigated areas of differences concerning Arabic phonetics. In addition, an Arabic phonetic dictionary should be initiated where the Arabic vowelsâ€™ phonemes should be considered as a component of the consonantsâ€™ phonemes. Thus, the incorporation of developed machine translation systems may enhance the quality of the system. The current paper concludes with the existing challenges faced by Arabic phonetic dictionary."
"Balanced Arabic corpus design for speech synthesis","https://link.springer.com/article/10.1007/s10772-021-09846-8","2021","Journal Article","International Journal of Speech Technology","Aissa Amrouche
Ahcene Abed
Kamel Ferrat
Khadidja Nesrine Boubakeur
Youssouf Bentrcia
Leila Falek","10.1007/S10772-021-09846-8","","No","13","daEmwZSn50YJ","","","","","","","","","SciSpace","- **Relevance Score:** 75/100 - **Relevance Tag:** Highly Relevant - **Reasoning:** Designs a phonetically balanced Arabic TTS corpus, validates with HMM synthesis; lacks neural models, low‑resource methods, broad evaluation, multilingual or real‑time aspects.","This paper aims to design and validate a phonetically balanced speech corpus for Arabic language. Designing and developing a rich and phonetically balanced corpus in optimal context is one of the key issues in building high quality of text-to-speech synthesis systems. The rich characteristic is in the sense that it must contain all the possible phonemes on the right and left context, whereas the balanced characteristic is in the sense that it respects the phonetic distribution in the language. We propose a new methodology for designing and implementing such corpus for speech synthesis purposes. The paper explains the whole creation process of this corpus, beginning with the design stage, corpus creation, recording phases, and finally the segmentation of the speech corpus. The speech corpus contains 202 sentences with 6174 phonemes. In order to validate the speech corpus, an Arabic speech synthesis system using Hidden Markov Models has been developed."
"A review: isolated Arabic words recognition using artificial intelligent techniques","https://iopscience.iop.org/article/10.1088/1742-6596/1897/1/012026/meta","2021","Journal Article","","S R Shareef
Y F Irhayim","10.1088/1742-6596/1897/1/012026","https://iopscience.iop.org/article/10.1088/1742-6596/1897/1/012026/pdf","Yes","11","gvqyauiNPh0J","","","","","","","","","SciSpace","- **Relevance Score:** 75/100 - **Relevance Tag:** Highly Relevant - **Reasoning:** Survey focuses on Arabic isolated-word ASR, providing overview of tools and challenges; lacks novel neural models, extensive experiments, multilingual or real-time implementations.","In recent few years, deep learning has fast growing in many fields as natural language processing, image recognition, handwriting recognition, computer vision, and speech recognition. Automatic speech recognition (ASR) is a technique that refers to translating spoken words from an acoustic waveform into a text equivalent to what the speaker says. More recently, the advances in deep learning can support ASR in improving the performance of systems accuracies. Arabic is a Semitic language, one of the oldest used and most communicated languages in the world. But, it least concentrated in the case of Arabic speech recognition and under-resourced languages. This paper presents a survey that focuses on an automatic speech recognition system based on isolating words technique for Arabic speech. It also highlights the facilities and tools for developing speech recognition systems. This work is intended to be a useful starting point for those who are interested in ASR."
"Arabic Speech Recognition: Advancement and Challenges","https://scispace.com/papers/arabic-speech-recognition-advancement-and-challenges-15fwhwhyuw","","Journal Article","IEEE Access","Ashifur Rahman
Md. Mohsin Kabir
Mohammed Firoz Mridha
M. Alatiyyah
Haifa F. Alhasson
Shuaa S. Alharbi","10.1109/access.2024.3376237","","No","","","","","","","","","","","SciSpace","- **Relevance Score:** 75/100 - **Relevance Tag:** Highly Relevant - **Reasoning:** Provides an extensive review of Arabic ASR challenges and methods, focusing on Arabic speech processing and recognition. Lacks novel neural models, experiments, multilingual or real-time aspects; mentions data scarcity issues without concrete solutions.","Speech recognition is a captivating process that revolutionizes human-computer interactions, allowing us to interact and control machines through spoken commands. The foundation of speech recognition lies in understanding a given language’s linguistic and textual characteristics. Although automatic speech recognition (ASR) systems flawlessly convert speech into text for various international languages, their implementation for Arabic remains inadequate. In this research, we diligently explore the current state of Arabic ASR systems and unveil the challenges encountered during their development. We categorize these challenges into two groups: those specific to the Arabic language and those more general. We propose strategies to overcome these obstacles and emphasize the need for ASR architectures tailored to the Arabic language’s unique grammatical and phonetic structure. In addition, we provide a comprehensive and explicit description of various feature extraction methods, language models, and acoustic models utilized in the Arabic ASR system."
"Synopsis on Arabic speech recognition","https://www.sciencedirect.com/science/article/pii/S2090447921002859","2021","Journal Article","Ain Shams Engineering Journal","Fawaz S. Al-Anzi
Bo Wu
Dia AbuZeina","10.1016/J.ASEJ.2021.06.020","","Yes","17","Ttoo83IdYNsJ","","","","","","","","","Google Scholar","- **Relevance Score:** 70/100 - **Relevance Tag:** Somewhat Relevant - **Reasoning:** Provides an overview of Arabic speech recognition, highlighting components and challenges, but lacks novel methods, neural models, data‑scarce strategies, extensive experiments, multilingual or real‑time aspects.",""
"Speech Recognition Models for Holy Quran Recitation Based on Modern Approaches and Tajweed Rules: A Comprehensive Overview","https://scispace.com/papers/speech-recognition-models-for-holy-quran-recitation-based-on-4y14vn3okx","2023","Journal Article","International Journal of Advanced Computer Science and Applications","Sumayya Al-Fadhli
Hajar Al-Harbi
Asma Cherif","10.14569/ijacsa.2023.0141297","https://scispace.com/pdf/speech-recognition-models-for-holy-quran-recitation-based-on-4y14vn3okx.pdf","No","","","","","","","","","","","SciSpace","- **Relevance Score:** 70/100 - **Relevance Tag:** Somewhat Relevant - **Reasoning:** Provides an extensive review of Quranic Arabic ASR, directly addressing Arabic speech processing; however, it lacks original ASR/TTS methods, neural models, experiments, or implementation details.","Speech is considered the most natural way to communicate with people.The purpose of speech recognition technology is to allow machines to recognize and understand human speech, enabling them to take action based on the spoken words.Speech recognition is especially useful in educational fields, as it can provide powerful automatic correction for language learning purposes.In the context of learning the Quran, it is essential for every Muslim to recite it correctly.Traditionally, this involves an expert gari who listens to the student's recitation, identifies any mistakes, and provides appropriate corrections.While effective, this method is time-consuming.To address this challenge, apps that help students fix their recitation of the Holy Quran are becoming increasingly popular.However, these apps require a robust and error-free speech recognition model.While recent advancements in speech recognition have produced highly accurate results for written and spoken Arabic and non-Arabic speech recognition, the field of Holy Quran speech recognition is still in its early stages.Therefore, this paper aims to provide a comprehensive literature review of the existing research in the field of Holy Quran speech recognition.Its goal is to identify the limitations of current works, determine future research directions, and highlight important research in the fields of spoken and written languages."
"Deep Investigation of the Recent Advances in Dialectal Arabic Speech Recognition","https://scispace.com/papers/deep-investigation-of-the-recent-advances-in-dialectal-1cbc22gi","","Journal Article","IEEE Access","Hamzah A. Alsayadi
Abdelaziz A. Abdelhamid
Islam Hegazy
Bandar Alotaibi
Zaki T. Fayed","10.1109/ACCESS.2022.3177191","https://ieeexplore.ieee.org/ielx7/6287639/6514899/09780142.pdf","No","","","","","","","","","","","SciSpace","- **Relevance Score:** 70/100 - **Relevance Tag:** Somewhat Relevant - **Reasoning:** Provides a thorough survey of dialectal Arabic ASR, covering techniques and datasets, but lacks novel methods, neural models, experiments, or real‑time implementations.","Speech recognition systems play an important role in human–machine interactions. Many systems exist for Arabic speech, however, there are limited systems for dialectal Arabic speech. The Arabic language comprises many properties, some of which are ideal for building automatic speech recognition systems such as syntax and phonology, while other properties are unsuitable for developing speech systems. Importantly, most data are in non-diacritized form, vary in dialect, and contain morphological complexity. Moreover, the Arabic dialects lack a standard structure. In this paper, we present an overview and summation of dialectal Arabic speech recognition systems using different approaches and techniques. The main goal of this paper is to compare and discuss different studies in dialectal Arabic speech systems including several criteria such as techniques, datasets, evaluation metrics, and dialect types. The study also includes a description of some techniques used in all steps of the dialectal Arabic speech system and introduces challenges and problems. Overall, more studies are required to obtain a more accurate speech system for dialectal Arabic."
"Advancements in Arabic Text-to-Speech Systems: A 22-Year Literature Review","https://scispace.com/papers/advancements-in-arabic-text-to-speech-systems-a-22-year-11j5o19q","","Journal Article","IEEE Access","Khansa Chemnad
Achraf Othman","10.1109/ACCESS.2023.3260844","","No","","","","","","","","","","","SciSpace","- **Relevance Score:** 70/100 - **Relevance Tag:** Somewhat Relevant - **Reasoning:** Provides exhaustive overview of Arabic TTS techniques, corpora, diacritization, and evaluation methods. Covers DNN and hybrid models but only as surveyed literature, lacking original implementation.","Although there are several speech synthesis models available for different languages tailored to specific domain requirements and applications, there is currently no readily available information on the latest trends in Arabic language speech synthesis. This can make it challenging for beginners to research and develop text-to-speech (TTS) systems for Arabic. To address this issue, this article provides a comprehensive overview of several scholars’ contributions to the field of Arabic TTS, along with an examination of the unique features of the Arabic language and the corresponding challenges in creating TTS systems. Reporting only on papers discussing Arabic TTS, this systematic review evaluated available literature published between 2000 and 2022. We conducted a systematic review of six databases using the Preferred Reporting Items for Systematic Reviews and Meta-Analyses (PRISMA) guidelines to identify studies that addressed Arabic Text-to-Speech systems. Of the 3719 articles identified, only 36 (0.96%) met our search criteria. Bibliometric analyses of these studies were conducted and reported. The results highlight the main types of speech synthesis techniques used in TTS systems: concatenative, formant, deep neural network (DNN), hybrid models, and multiagent. The corpora used to develop these systems, as well as the diacritization techniques incorporated, evaluation techniques, and the results of the performance of the systems are reported. Subjective evaluation using the mean opinion score is the most commonly applied method to measure the accuracy of systems. This study also identifies gaps in the literature and makes recommendations for future research directions."
"Flavors of Moonshine: Tiny Specialized ASR Models for Edge Devices","https://arxiv.org/abs/2509.02523v1","2025","Preprint","","Evan King
Adam Sabra
Manjunath Kudlur
James Wang
Pete Warden","","https://arxiv.org/pdf/2509.02523v1","Yes","","","","","","","http://arxiv.org/abs/2509.02523v1","2025-09-02T17:22:54Z","cs.CL","cs.CL, cs.LG, cs.SD","arXiv","- **Relevance Score:** 64/100 - **Relevance Tag:** Somewhat Relevant - **Reasoning:** Provides Arabic ASR within a multilingual tiny model suite, uses transformer‑based end‑to‑end nets, leverages pseudo‑labeled data for low‑resource settings, and targets on‑device low‑latency performance.","We present the Flavors of Moonshine, a suite of tiny automatic speech recognition (ASR) models specialized for a range of underrepresented languages. Prevailing wisdom suggests that multilingual ASR models outperform monolingual counterparts by exploiting cross-lingual phonetic similarities. We challenge this assumption, showing that for sufficiently small models (27M parameters), training monolingual systems on a carefully balanced mix of high-quality human-labeled, pseudo-labeled, and synthetic data yields substantially superior performance. On average, our models achieve error rates 48% lower than the comparably sized Whisper Tiny model, outperform the 9x larger Whisper Small model, and in most cases match or outperform the 28x larger Whisper Medium model. These results advance the state of the art for models of this size, enabling accurate on-device ASR for languages that previously had limited support. We release Arabic, Chinese, Japanese, Korean, Ukrainian, and Vietnamese Moonshine models under a permissive open-source license."
"QASR: QCRI Aljazeera Speech Resource A Large Scale Annotated Arabic Speech Corpus","https://scispace.com/papers/qasr-qcri-aljazeera-speech-resource-a-large-scale-annotated-2kora55c2i","2021","Proceedings Article","Meeting of the Association for Computational Linguistics","Hamdy Mubarak
Amir Hussein
Shammur Absar Chowdhury
Ahmed Ali","10.18653/V1/2021.ACL-LONG.177","https://scispace.com/pdf/qasr-qcri-aljazeera-speech-resource-a-large-scale-annotated-2kora55c2i.pdf","Yes","","","","","","","","","","","SciSpace Full Text","- **Relevance Score:** 62/100 - **Relevance Tag:** Somewhat Relevant - **Reasoning:** Provides 2,000‑hour Arabic speech corpus with ASR baselines, enabling speech processing research. Includes baseline ASR, dialect ID, and code‑switching data, but lacks novel neural models, low‑resource methods, or real‑time implementations.","We introduce the largest transcribed Arabic speech corpus, QASR, collected from the broadcast domain. This multi-dialect speech dataset contains 2,000 hours of speech sampled at 16kHz crawled from Aljazeera news channel. The dataset is released with lightly supervised transcriptions, aligned with the audio segments. Unlike previous datasets, QASR contains linguistically motivated segmentation, punctuation, speaker information among others. QASR is suitable for training and evaluating speech recognition systems, acoustics- and/or linguistics- based Arabic dialect identification, punctuation restoration, speaker identification, speaker linking, and potentially other NLP modules for spoken data. In addition to QASR transcription, we release a dataset of 130M words to aid in designing and training a better language model. We show that end-to-end automatic speech recognition trained on QASR reports a competitive word error rate compared to the previous MGB-2 corpus. We report baseline results for downstream natural language processing tasks such as named entity recognition using speech transcript. We also report the first baseline for Arabic punctuation restoration. We make the corpus available for the research community."
"TEDxTN: A Three-way Speech Translation Corpus for Code-Switched Tunisian Arabic - English","https://arxiv.org/abs/2511.10780v1","2025","Preprint","","Fethi Bougares
Salima Mdhaffar
Haroun Elleuch
Yannick Estève","","https://arxiv.org/pdf/2511.10780v1","Yes","","","","","","","http://arxiv.org/abs/2511.10780v1","2025-11-13T20:05:19Z","cs.CL","cs.CL, cs.AI","arXiv","- **Relevance Score:** 62/100 - **Relevance Tag:** Somewhat Relevant - **Reasoning:** Provides a new Tunisian Arabic‑English speech translation corpus, uses end‑to‑end models for ASR baselines, addresses low‑resource data, includes cross‑lingual translation, but ASR/TTS is not the main contribution and lacks real‑time focus.","In this paper, we introduce TEDxTN, the first publicly available Tunisian Arabic to English speech translation dataset. This work is in line with the ongoing effort to mitigate the data scarcity obstacle for a number of Arabic dialects. We collected, segmented, transcribed and translated 108 TEDx talks following our internally developed annotations guidelines. The collected talks represent 25 hours of speech with code-switching that cover speakers with various accents from over 11 different regions of Tunisia. We make the annotation guidelines and corpus publicly available. This will enable the extension of TEDxTN to new talks as they become available. We also report results for strong baseline systems of Speech Recognition and Speech Translation using multiple pre-trained and fine-tuned end-to-end models. This corpus is the first open source and publicly available speech translation corpus of Code-Switching Tunisian dialect. We believe that this is a valuable resource that can motivate and facilitate further research on the natural language processing of Tunisian Dialect."
"Arabic Speech Processing: State of the Art and Future Outlook","https://scispace.com/papers/arabic-speech-processing-state-of-the-art-and-future-outlook-2tzxqlgr","2022","Book Chapter","Smart Innovation, Systems and Technologies","Naim Terbeh
Rim Teyeb
Mounir Zrigui","10.1007/978-981-19-3444-5_5","","No","","","","","","","","","","","SciSpace","- **Relevance Score:** 60/100 - **Relevance Tag:** Somewhat Relevant - **Reasoning:** Provides a broad survey of Arabic speech processing applications, covering ASR and TTS concepts but lacks novel methods, neural models, data-scarce strategies, detailed experiments, multilingual or real-time implementations.","The aim of this article is to study the Arabic speech processing applications which have introduced the voice communication as a solution for specific situations (non-native speakers, speakers with voice disabilities, learners of Arabic vocabulary, speech recognition or speech synthesis). We present the principal applications of processing the Arabic spoken language accentuating the most challenges preventing obtaining better results. The current paper gives in detail the followed approaches and the applied techniques in the automatic processing applications of spoken Arabic, so it can be a reference study for researchers and developers who deal with this topic."
"Cross-Attention Fusion of Visual and Geometric Features for Large
  Vocabulary Arabic Lipreading","https://scispace.com/papers/cross-attention-fusion-of-visual-and-geometric-features-for-r133ib6i83","2024","Preprint","","Samar Daou
Amira Rekik
Achraf Ben-Hamadou
A. Kallel","10.48550/arxiv.2402.11520","https://scispace.com/pdf/cross-attention-fusion-of-visual-and-geometric-features-for-r133ib6i83.pdf","No","","","","","","","","","","","SciSpace Full Text","- **Relevance Score:** 52/100 - **Relevance Tag:** Somewhat Relevant - **Reasoning:** Uses cross‑attention fusion of visual and landmark features for Arabic word‑level lipreading; neural architecture aligns with end‑to‑end trends, but focuses on visual speech, lacks audio ASR/TTS, limited evaluation scope, and no real‑time or low‑resource innovations.","Lipreading involves using visual data to recognize spoken words by analyzing the movements of the lips and surrounding area. It is a hot research topic with many potential applications, such as human-machine interaction and enhancing audio speech recognition. Recent deep-learning based works aim to integrate visual features extracted from the mouth region with landmark points on the lip contours. However, employing a simple combination method such as concatenation may not be the most effective approach to get the optimal feature vector. To address this challenge, firstly, we propose a cross-attention fusion-based approach for large lexicon Arabic vocabulary to predict spoken words in videos. Our method leverages the power of cross-attention networks to efficiently integrate visual and geometric features computed on the mouth region. Secondly, we introduce the first large-scale Lip Reading in the Wild for Arabic (LRW-AR) dataset containing 20,000 videos for 100-word classes, uttered by 36 speakers. The experimental results obtained on LRW-AR and ArabicVisual databases showed the effectiveness and robustness of the proposed approach in recognizing Arabic words. Our work provides insights into the feasibility and effectiveness of applying lipreading techniques to the Arabic language, opening doors for further research in this field. Link to the project page: https://crns-smartvision.github.io/lrwar"
"Adapting Language Balance in Code-Switching Speech","https://arxiv.org/abs/2510.18724v1","2025","Preprint","","Enes Yavuz Ugan
Ngoc-Quan Pham
Alexander Waibel","","https://arxiv.org/pdf/2510.18724v1","Yes","","","","","","","http://arxiv.org/abs/2510.18724v1","2025-10-21T15:23:55Z","cs.CL","cs.CL, cs.LG, cs.SD, eess.AS","arXiv","- **Relevance Score:** 50/100 - **Relevance Tag:** Somewhat Relevant - **Reasoning:** Uses Arabic code-switching to improve model robustness, but Arabic is not the sole focus; addresses ASR errors, employs differentiable surrogate likely neural, highlights multilingual code-switching, lacks low-resource, extensive evaluation, or real-time aspects.","Despite achieving impressive results on standard benchmarks, large foundational models still struggle against code-switching test cases. When data scarcity cannot be used as the usual justification for poor performance, the reason may lie in the infrequent occurrence of code-switched moments, where the embedding of the second language appears subtly. Instead of expecting the models to learn this infrequency on their own, it might be beneficial to provide the training process with labels. Evaluating model performance on code-switching data requires careful localization of code-switching points where recognition errors are most consequential, so that the analysis emphasizes mistakes occurring at those moments. Building on this observation, we leverage the difference between the embedded and the main language to highlight those code-switching points and thereby emphasize learning at those locations. This simple yet effective differentiable surrogate mitigates context bias during generation -- the central challenge in code-switching -- thereby improving the model's robustness. Our experiments with Arabic and Chinese-English showed that the models are able to predict the switching places more correctly, reflected by the reduced substitution error."
"ArFake: A Multi-Dialect Benchmark and Baselines for Arabic Spoof-Speech Detection","https://arxiv.org/abs/2509.22808v1","2025","Preprint","","Mohamed Maged
Alhassan Ehab
Ali Mekky
Besher Hassan
Shady Shehata","","https://arxiv.org/pdf/2509.22808v1","Yes","","","","","","","http://arxiv.org/abs/2509.22808v1","2025-09-26T18:11:20Z","cs.CL","cs.CL","arXiv","- **Relevance Score:** 45/100 - **Relevance Tag:** Marginally Relevant - **Reasoning:** Provides multi-dialect Arabic spoof detection dataset, addressing Arabic speech processing. Offers MOS and WER evaluation on Arabic corpora. Explores low‑resource data scarcity but lacks new ASR/TTS, multilingual or real‑time methods.","With the rise of generative text-to-speech models, distinguishing between real and synthetic speech has become challenging, especially for Arabic that have received limited research attention. Most spoof detection efforts have focused on English, leaving a significant gap for Arabic and its many dialects. In this work, we introduce the first multi-dialect Arabic spoofed speech dataset. To evaluate the difficulty of the synthesized audio from each model and determine which produces the most challenging samples, we aimed to guide the construction of our final dataset either by merging audios from multiple models or by selecting the best-performing model, we conducted an evaluation pipeline that included training classifiers using two approaches: modern embedding-based methods combined with classifier heads; classical machine learning algorithms applied to MFCC features; and the RawNet2 architecture. The pipeline further incorporated the calculation of Mean Opinion Score based on human ratings, as well as processing both original and synthesized datasets through an Automatic Speech Recognition model to measure the Word Error Rate. Our results demonstrate that FishSpeech outperforms other TTS models in Arabic voice cloning on the Casablanca corpus, producing more realistic and challenging synthetic speech samples. However, relying on a single TTS for dataset creation may limit generalizability."
"Analysis of Momentous Fragmentary Formants in Talaqi-like Neoteric Assessment of Quran Recitation using MFCC Miniature Features of Quranic Syllables","https://scispace.com/papers/analysis-of-momentous-fragmentary-formants-in-talaqi-like-4igr3c0ujw","2021","Journal Article","International Journal of Advanced Computer Science and Applications","Mohamad Zulkefli Adam
Noraimi Shafie
Hafiza Abas
Azizul Azizan","10.14569/IJACSA.2021.0120960","https://scispace.com/pdf/analysis-of-momentous-fragmentary-formants-in-talaqi-like-4igr3c0ujw.pdf","Yes","","","","","","","","","","","SciSpace Full Text","- **Relevance Score:** 40/100 - **Relevance Tag:** Marginally Relevant - **Reasoning:** Analyzes Arabic Quran recitation with MFCC features, meeting core speech processing criteria but lacking ASR/TTS, neural models, extensive evaluation, or multilingual/real-time aspects.","The use of technological speech recognition systems with a variety of approaches and techniques has grown rapidly in a variety of human-machine interaction applications. Further to this, a computerized assessment system to identify errors in reading the Qur'an can be developed to practice the advantages of technology that exist today. Based on Quranic syllable utterances, which contain Tajweed rules that generally consist of Makhraj (articulation process), Sifaat (letter features or pronunciation) and Harakat (pronunciation extension), this paper attempts to present the technological capabilities in realizing Quranic recitation assessment. The transformation of the digital signal of the Quranic voice with the identification of reading errors (based on the Law of Tajweed) is the main focus of this paper. This involves many stages in the process related to the representation of Quranic syllable-based Recitation Speech Signal (QRSS), feature extraction, non-phonetic transcription Quranic Recitation Acoustic Model (QRAM), and threshold classification processes. MFCC-Formants are used in a miniature state that are hybridized with three bands in representing QRSS combined vowels and consonants. A human-guided threshold classification approach is used to assess recitation based on Quranic syllables and threshold classification performance for the low, medium, and high band groups with performances of 87.27%, 86.86%and 86.33%, respectively."
"ArabEmoNet: A Lightweight Hybrid 2D CNN-BiLSTM Model with Attention for Robust Arabic Speech Emotion Recognition","https://arxiv.org/abs/2509.01401v1","2025","Preprint","","Ali Abouzeid
Bilal Elbouardi
Mohamed Maged
Shady Shehata","","https://arxiv.org/pdf/2509.01401v1","Yes","","","","","","","http://arxiv.org/abs/2509.01401v1","2025-09-01T11:51:38Z","cs.SD","cs.SD, cs.CL, eess.AS","arXiv","- **Relevance Score:** 40/100 - **Relevance Tag:** Marginally Relevant - **Reasoning:** Uses Arabic speech emotion recognition with lightweight 2D CNN‑BiLSTM; does not address ASR/TTS, nor employ end‑to‑end ASR/TTS models, multilingual or real‑time focus.","Speech emotion recognition is vital for human-computer interaction, particularly for low-resource languages like Arabic, which face challenges due to limited data and research. We introduce ArabEmoNet, a lightweight architecture designed to overcome these limitations and deliver state-of-the-art performance. Unlike previous systems relying on discrete MFCC features and 1D convolutions, which miss nuanced spectro-temporal patterns, ArabEmoNet uses Mel spectrograms processed through 2D convolutions, preserving critical emotional cues often lost in traditional methods. While recent models favor large-scale architectures with millions of parameters, ArabEmoNet achieves superior results with just 1 million parameters, 90 times smaller than HuBERT base and 74 times smaller than Whisper. This efficiency makes it ideal for resource-constrained environments. ArabEmoNet advances Arabic speech emotion recognition, offering exceptional performance and accessibility for real-world applications."
"SPARTA: Speaker Profiling for ARabic TAlk","https://scispace.com/papers/sparta-speaker-profiling-for-arabic-talk-4dtfia0etx","2021","Proceedings Article","","Wael Farhan
Muhy Eddin Za'ter
Qusai Abu Obaidah
Hisham al Bataineh
Zyad Sober
Hussein T. Al-Natsheh","10.23919/FRUCT50888.2021.9347615","https://scispace.com/pdf/sparta-speaker-profiling-for-arabic-talk-4dtfia0etx.pdf","Yes","","","","","","","","","","","SciSpace Full Text","- **Relevance Score:** 40/100 - **Relevance Tag:** Marginally Relevant - **Reasoning:** Uses speaker profiling on Arabic speech (dialect, gender, emotion) but lacks ASR/TTS, modern neural models, low‑resource methods, extensive evaluation, multilingual or real‑time aspects.","This paper proposes a novel approach to an automatic estimation of three speaker traits from Arabic speech: gender, emotion, and dialect. After showing promising results on different text classification tasks, the multi-task learning (MTL) approach is used in this paper for Arabic speech classification tasks. The dataset was assembled from six publicly available datasets. First, The datasets were edited and thoroughly divided into train, development, and test sets (open to the public), and a benchmark was set for each task and dataset throughout the paper. Then, three different networks were explored: Long Short Term Memory (LSTM), Convolutional Neural Network (CNN), and Fully-Connected Neural Network (FCNN) on five different types of features: two raw features (MFCC and MEL) and three pre-trained vectors (i-vectors, d-vectors, and x-vectors). LSTM and CNN networks were implemented using raw features: MFCC and MEL, wher FCNN was explored on the pre-trained vectors while varying the hyper-parameters of these networks to obtain the best results for each dataset and task. MTL was evaluated against the single task learning (STL) approach for the three tasks and six datasets, in which the MTL and pre-trained vectors almost constantly outperformed STL. All the data and pre-trained models used in this paper are available and can be acquired by the public."
"Mispronunciation detection and diagnosis with articulatory-level feedback generation for non-native arabic speech","https://www.mdpi.com/2227-7390/10/15/2727","2022","Journal Article","Mathematics","Mohammed Algabri
Hassan Mathkour
Mansour Alsulaiman
Mohamed A. Bencherif","10.3390/math10152727","https://scispace.com/pdf/mispronunciation-detection-and-diagnosis-with-articulatory-3dz4m1up.pdf","Yes","32","3k-WCyVfawsJ","","","","","","","","","SciSpace","- **Relevance Score:** 36/100 - **Relevance Tag:** Marginally Relevant - **Reasoning:** Uses deep learning to detect mispronunciations and generate articulatory feedback for Arabic learners; leverages synthetic TTS data for augmentation; evaluates on internal metrics; no primary ASR/TTS contribution, limited multilingual or real‑time aspects.","A high-performance versatile computer-assisted pronunciation training (CAPT) system that provides the learner immediate feedback as to whether their pronunciation is correct is very helpful in learning correct pronunciation and allows learners to practice this at any time and with unlimited repetitions, without the presence of an instructor. In this paper, we propose deep learning-based techniques to build a high-performance versatile CAPT system for mispronunciation detection and diagnosis (MDD) and articulatory feedback generation for non-native Arabic learners. The proposed system can locate the error in pronunciation, recognize the mispronounced phonemes, and detect the corresponding articulatory features (AFs), not only in words but even in sentences. We formulate the recognition of phonemes and corresponding AFs as a multi-label object recognition problem, where the objects are the phonemes and their AFs in a spectral image. Moreover, we investigate the use of cutting-edge neural text-to-speech (TTS) technology to generate a new corpus of high-quality speech from predefined text that has the most common substitution errors among Arabic learners. The proposed model and its various enhanced versions achieved excellent results. We compared the performance of the different proposed models with the state-of-the-art end-to-end technique of MDD, and our system had a better performance. In addition, we proposed using fusion between the proposed model and the end-to-end model and obtained a better performance. Our best model achieved a 3.83% phoneme error rate (PER) in the phoneme recognition task, a 70.53% F1-score in the MDD task, and a detection error rate (DER) of 2.6% for the AF detection task."
"Arabic Dialects System using Hidden Markov Models (HMMs)","https://scispace.com/papers/arabic-dialects-system-using-hidden-markov-models-hmms-2gnlzmjg","2022","Journal Article","WSEAS transactions on computers","Zakaria Suliman Zubi
Eman Jibril Idris","10.37394/23205.2022.21.37","https://scispace.com/pdf/arabic-dialects-system-using-hidden-markov-models-hmms-2gnlzmjg.pdf","Yes","","","","","","","","","","","SciSpace Full Text","- **Relevance Score:** 32/100 - **Relevance Tag:** Marginally Relevant - **Reasoning:** Uses HMM‑based dialect identification for Arabic speech, providing modest evaluation on four dialects but no ASR/TTS, neural models, or low‑resource strategies.","The Arabic language has many different dialects and it must be recognized before using the automatic speech recognition (ASR). On the other hand, it is observed in all Arab countries that the standard Arabic language is widely written and used in an official speech, newspapers, public administration, and schools but it is not used in daily conversations instead the dialect is widely spoken in daily life and rarely written. In this paper, we examine the difficult task of properly identifying various Arabic dialects and propose a system developed to identify a set of four regional and modern standard Arabic speeches, based on speech recognition using Hidden Markov Models (HMMs) algorithms. HMMs have become a very popular way to build a speech recognition system. It is set as hidden states and possibilities of transition from one state to another. Due to the similarities and differences between the Arabic dialects, speeches collected from the ADI5 datasets were retrieved from the MGB-3 challenge source. We proposed an Arabic Dialect Identification System called ""Building a System for Arabic Dialects Identification based on Speech Recognition using Hidden Markov Models (HMMs)"" that takes Input as speech utterances and produces output as dialect being spoken. During the training phase, speech utterances from one or more dialects were analyzed to capture the important properties of audio signals in terms of time and frequency. During the testing phase, previously unseen test utterances were utilized to the system, and the system outputs the dialect associated with the model of dialect that most closely matches the test utterance. The proposed model of the system shows promising results of the model for each dialect match."
"Modulation and performance of synchronous demodulation for speech signal detection and dialect intelligibility","https://scispace.com/papers/modulation-and-performance-of-synchronous-demodulation-for-2q7lyz69","2023","Journal Article","Open Engineering","Rafed Sabbar Abbas
Hayder Rafea Kareem Almosa
Yahya J. Harbi","10.1515/eng-2022-0410","https://scispace.com/pdf/modulation-and-performance-of-synchronous-demodulation-for-2q7lyz69.pdf","Yes","","","","","","","","","","","SciSpace Full Text","- **Relevance Score:** 30/100 - **Relevance Tag:** Marginally Relevant - **Reasoning:** Focuses on Arabic dialect modulation/demodulation, not ASR/TTS; lacks neural models, low‑resource methods, standard benchmarks, multilingual or real‑time aspects.","Abstract Speech processing is one of the fundamental operations in computer science and it is particularly difficult to process and distinguish speech in different Arabic dialects when background noise is present. In any nation, communication skills are crucial. Pushing a button is all it takes for the typical person to make phone calls and leave voicemails but for telecommunications experts, the process is very different. We understand how communication actually works. The terms detection and demodulation are commonly used when addressing the full demodulation process. The procedures and circuits are substantially the same under both designations. As the name implies, demodulation is the opposite of modulation, which is applying a signal, such as an audio signal, to a carrier. The demodulation process isolates the output signal from the audio or other signal that was transmitted using amplitude shifts on the carrier. In this study, a system for distinguishing speech signals was developed using modulation and demodulation to transmit speech by extracting it from a variety of factors, the most significant of which is background noise in addition to a wide variety of dialects, which poses a significant challenge in speech processing. The proposed system was applied to a dataset that was created for a group of voices in different dialects, and by using important techniques, the noise accompanying the voices was deleted and then the voices were processed with other techniques such as modulation and demodulation to distinguish the dialect. The system has proven effective by distinguishing dialects."
"Arabic Sign Language Recognition and Generating Arabic Speech Using Convolutional Neural Network","https://scispace.com/papers/arabic-sign-language-recognition-and-generating-arabic-1rne7zsnq5","2020","Journal Article","Wireless Communications and Mobile Computing","M. M. Kamruzzaman","10.1155/2020/3685614","https://scispace.com/pdf/arabic-sign-language-recognition-and-generating-arabic-1rne7zsnq5.pdf","Yes","107","","","","","","","","","","SciSpace Full Text","- **Relevance Score:** 30/100 - **Relevance Tag:** Marginally Relevant - **Reasoning:** Generates Arabic speech from sign language using CNN, but primary contribution is sign language recognition, not Arabic speech processing or modern end‑to‑end models.","Sign language encompasses the movement of the arms and hands as a means of communication for people with hearing disabilities. An automated sign recognition system requires two main courses of action: the detection of particular features and the categorization of particular input data. In the past, many approaches for classifying and detecting sign languages have been put forward for improving system performance. However, the recent progress in the computer vision field has geared us towards the further exploration of hand signs/gestures’ recognition with the aid of deep neural networks. The Arabic sign language has witnessed unprecedented research activities to recognize hand signs and gestures using the deep learning model. A vision-based system by applying CNN for the recognition of Arabic hand sign-based letters and translating them into Arabic speech is proposed in this paper. The proposed system will automatically detect hand sign letters and speaks out the result with the Arabic language with a deep learning model. This system gives 90% accuracy to recognize the Arabic hand sign-based letters which assures it as a highly dependable system. The accuracy can be further improved by using more advanced hand gestures recognizing devices such as Leap Motion or Xbox Kinect. After recognizing the Arabic hand sign-based letters, the outcome will be fed to the text into the speech engine which produces the audio of the Arabic language as an output."
"Modern Standard Arabic Speech Corpora: A Systematic Review","https://scispace.com/papers/modern-standard-arabic-speech-corpora-a-systematic-review-1hz9zea7","2023","Journal Article","IEEE Access","","10.1109/access.2023.3282259","https://scispace.com/pdf/modern-standard-arabic-speech-corpora-a-systematic-review-1hz9zea7.pdf","Yes","","","","","","","","","","","SciSpace Full Text","- **Relevance Score:** 20/100 - **Relevance Tag:** Not Relevant - **Reasoning:** Reviews Arabic speech corpora and resources; does not present ASR/TTS methods, neural models, or evaluations, thus only loosely related to speech processing focus.","Speech processing applications have become integral components across various domains of modern life. The design and preparation of a reliable recognition system rely heavily on the availability of suitable speech databases. While numerous speech databases exist for English and other languages, the availability of comprehensive resources for Arabic language remains limited. In light of this, we conducted a systematic review aiming to identify, analyse, and classify existing Modern Standard Arabic speech databases. Through our review, we identified 27 publicly available databases and analysed an additional 80 subjective databases. These databases were thoroughly studied, classified based on their characteristics, and subjected to a detailed analysis of research trends in the field. This paper provides a comprehensive discussion on the diverse speech databases developed for various speech processing applications. It sheds light on the purposes and unique characteristics of Arabic speech databases, enabling researchers to easily access suitable resources for their specific applications. The findings of this review contribute to bridging the gap in available Arabic speech databases and serve as a valuable resource for researchers in the field."
"Modern Standard Arabic Speech Corpora: A Systematic Review","https://scispace.com/papers/modern-standard-arabic-speech-corpora-a-systematic-review-1qls054h","","Journal Article","IEEE Access","Ammar Mohammed Ali Alqadasi
Rawad Abdulghafor
Mohd Shahrizal Sunar
Md. Sah Salam","10.1109/ACCESS.2023.3282259","","No","","","","","","","","","","","SciSpace","- **Relevance Score:** 20/100 - **Relevance Tag:** Not Relevant - **Reasoning:** Reviews 27 public Arabic speech corpora, aiding resource discovery but provides no ASR/TTS methods, neural models, evaluations, or real-time implementations.","Speech processing applications have become integral components across various domains of modern life. The design and preparation of a reliable recognition system rely heavily on the availability of suitable speech databases. While numerous speech databases exist for English and other languages, the availability of comprehensive resources for Arabic language remains limited. In light of this, we conducted a systematic review aiming to identify, analyse, and classify existing Modern Standard Arabic speech databases. Through our review, we identified 27 publicly available databases and analysed an additional 80 subjective databases. These databases were thoroughly studied, classified based on their characteristics, and subjected to a detailed analysis of research trends in the field. This paper provides a comprehensive discussion on the diverse speech databases developed for various speech processing applications. It sheds light on the purposes and unique characteristics of Arabic speech databases, enabling researchers to easily access suitable resources for their specific applications. The findings of this review contribute to bridging the gap in available Arabic speech databases and serve as a valuable resource for researchers in the field."
"Automatic Dialect identification of Spoken Arabic Speech using Deep Neural Networks","https://scispace.com/papers/automatic-dialect-identification-of-spoken-arabic-speech-1b30lo0u","2022","Journal Article","International journal of intelligent computing and information sciences","Mona Abdelazim
Wedad Hussein
Nagwa L. Badr","10.21608/ijicis.2022.152368.1207","https://scispace.com/pdf/automatic-dialect-identification-of-spoken-arabic-speech-1b30lo0u.pdf","Yes","","","","","","","","","","","SciSpace Full Text","- **Relevance Score:** 20/100 - **Relevance Tag:** Not Relevant - **Reasoning:** Uses CNN/RNN to classify Arabic dialects, addressing speech processing but not ASR/TTS; lacks end-to-end, low‑resource, detailed ASR/TTS evaluation, and real‑time aspects, though it spans multiple Arabic dialects.",": Dialect identification is considered a subtask of the language identification problem and it is thought to be a more complex case due to the linguistic similarity between different dialects of the same language. In this paper, a novel approach is introduced for identifying three of the most used Arabic dialects: Egyptian, Levantine, and Gulf dialects. In this study, four experiments were conducted using different classification approaches that vary from simple classifiers such as Gaussian Naïve Bayes and Support Vector Machines to more complex classifiers using Deep Neural Networks (DNN). A features vector of 13 Mel cepstral coefficients (MFCCs) of the audio signals was used to train the classifiers using a multi-dialect parallel corpus. The experimental results showed that the proposed convolutional neural networks-based classifier has outperformed other classifiers in all three dialects. It has achieved an average improvement of 0.16, 0.19, and 0.19 in the Egyptian dialect, and of 0.07, 0.13, and 0.1 in the Gulf dialect, and of 0.52, 0.35, and 0.49 in the Levantine dialect for the Precision, recall and f1-score metrics respectively."
"Modern Arabic speech corpus for text to speech synthesis","https://ieeexplore.ieee.org/abstract/document/9380606/","2020","Proceedings Article","","Zine Oumaima
Abdelouafi Meziane","10.1109/ICTMOD49425.2020.9380606","","No","5","qOYcU9Uv_KkJ","","","","","","","","","SciSpace","- **Relevance Score:** 20/100 - **Relevance Tag:** Not Relevant - **Reasoning:** Provides a large open Arabic speech corpus, but does not present ASR/TTS methods, neural models, or evaluations; mainly a data resource.","there are hardly any open access large single speaker corpora that could be effectively used to build a Text-to-Speech system, especially for Arabic being a low-resourced language. Thus, the aim of this paper is to present a new open access single speaker corpus. It is by far the largest Arabic speech resource suitable for building text-to-speech systems. The released corpus consists of more than 16-hours audio files aligned with their corresponding phonetic transcription in Buckwalter format, and the orthographic text transcripts representing 81, 000 words fully diactritized. The corpus design was determined by different factors among which is the coverage of the most frequent lemmas, this latter being a common unit in most of the Arabic words. The corpus is freely available for download from http://oujda-nlp-team.net/en/corpora/speech-corpus-1-0/."
"Abjad AI at NADI 2025: CATT-Whisper: Multimodal Diacritic Restoration Using Text and Speech Representations","https://arxiv.org/abs/2510.24247v1","2025","Preprint","","Ahmad Ghannam
Naif Alharthi
Faris Alasmary
Kholood Al Tabash
Shouq Sadah
Lahouari Ghouti","","https://arxiv.org/pdf/2510.24247v1","Yes","","","","","","","http://arxiv.org/abs/2510.24247v1","2025-10-28T09:58:18Z","cs.CL","cs.CL","arXiv","- **Relevance Score:** 20/100 - **Relevance Tag:** Not Relevant - **Reasoning:** Uses speech embeddings for diacritic restoration, not ASR/TTS; employs Whisper and CATT transformer encoders; lacks low-resource, broad evaluation, multilingual or real-time aspects.","In this work, we tackle the Diacritic Restoration (DR) task for Arabic dialectal sentences using a multimodal approach that combines both textual and speech information. We propose a model that represents the text modality using an encoder extracted from our own pre-trained model named CATT. The speech component is handled by the encoder module of the OpenAI Whisper base model. Our solution is designed following two integration strategies. The former consists of fusing the speech tokens with the input at an early stage, where the 1500 frames of the audio segment are averaged over 10 consecutive frames, resulting in 150 speech tokens. To ensure embedding compatibility, these averaged tokens are processed through a linear projection layer prior to merging them with the text tokens. Contextual encoding is guaranteed by the CATT encoder module. The latter strategy relies on cross-attention, where text and speech embeddings are fused. The cross-attention output is then fed to the CATT classification head for token-level diacritic prediction. To further improve model robustness, we randomly deactivate the speech input during training, allowing the model to perform well with or without speech. Our experiments show that the proposed approach achieves a word error rate (WER) of 0.25 and a character error rate (CER) of 0.9 on the development set. On the test set, our model achieved WER and CER scores of 0.55 and 0.13, respectively."
"Continuous Saudi Sign Language Recognition: A Vision Transformer Approach","https://arxiv.org/abs/2509.03467v1","2025","Preprint","","Soukeina Elhassen
Lama Al Khuzayem
Areej Alhothali
Ohoud Alzamzami
Nahed Alowaidi","","https://arxiv.org/pdf/2509.03467v1","Yes","","","","","","","http://arxiv.org/abs/2509.03467v1","2025-09-03T16:44:08Z","cs.CL","cs.CL, cs.AI","arXiv","- **Relevance Score:** 0/100 - **Relevance Tag:** Not Relevant - **Reasoning:** The paper addresses continuous Saudi Sign Language recognition using vision transformers, not Arabic speech processing, ASR, or TTS, making it irrelevant to all listed criteria.","Sign language (SL) is an essential communication form for hearing-impaired and deaf people, enabling engagement within the broader society. Despite its significance, limited public awareness of SL often leads to inequitable access to educational and professional opportunities, thereby contributing to social exclusion, particularly in Saudi Arabia, where over 84,000 individuals depend on Saudi Sign Language (SSL) as their primary form of communication. Although certain technological approaches have helped to improve communication for individuals with hearing impairments, there continues to be an urgent requirement for more precise and dependable translation techniques, especially for Arabic sign language variants like SSL. Most state-of-the-art solutions have primarily focused on non-Arabic sign languages, resulting in a considerable absence of resources dedicated to Arabic sign language, specifically SSL. The complexity of the Arabic language and the prevalence of isolated sign language datasets that concentrate on individual words instead of continuous speech contribute to this issue. To address this gap, our research represents an important step in developing SSL resources. To address this, we introduce the first continuous Saudi Sign Language dataset called KAU-CSSL, focusing on complete sentences to facilitate further research and enable sophisticated recognition systems for SSL recognition and translation. Additionally, we propose a transformer-based model, utilizing a pretrained ResNet-18 for spatial feature extraction and a Transformer Encoder with Bidirectional LSTM for temporal dependencies, achieving 99.02\% accuracy at signer dependent mode and 77.71\% accuracy at signer independent mode. This development leads the way to not only improving communication tools for the SSL community but also making a substantial contribution to the wider field of sign language."
"A Panoramic Survey of Natural Language Processing in the Arab World","https://scispace.com/papers/a-panoramic-survey-of-natural-language-processing-in-the-3478v5o30l","2020","Posted Content","arXiv: Computation and Language","Kareem Darwish
Nizar Habash
Mourad Abbas
Hend S. Al-Khalifa
Huseein T. Al-Natsheh
Samhaa R. El-Beltagy
Houda Bouamor
Karim Bouzoubaa
Violetta Cavalli-Sforza
Wassim El-Hajj
Mustafa Jarrar
Hamdy Mubarak","","https://scispace.com/pdf/a-panoramic-survey-of-natural-language-processing-in-the-3478v5o30l.pdf","Yes","65","","","","","","","","","","SciSpace Full Text","- **Relevance Score:** 0/100 - **Relevance Tag:** Not Relevant - **Reasoning:** The paper surveys Arabic text-oriented NLP (IR, QA, dialogue) and lacks any focus on speech processing, ASR, TTS, or related neural and evaluation aspects.","The term natural language refers to any system of symbolic communication (spoken, signed or written) without intentional human planning and design. This distinguishes natural languages such as Arabic and Japanese from artificially constructed languages such as Esperanto or Python. Natural language processing (NLP) is the sub-field of artificial intelligence (AI) focused on modeling natural languages to build applications such as speech recognition and synthesis, machine translation, optical character recognition (OCR), sentiment analysis (SA), question answering, dialogue systems, etc. NLP is a highly interdisciplinary field with connections to computer science, linguistics, cognitive science, psychology, mathematics and others. Some of the earliest AI applications were in NLP (e.g., machine translation); and the last decade (2010-2020) in particular has witnessed an incredible increase in quality, matched with a rise in public awareness, use, and expectations of what may have seemed like science fiction in the past. NLP researchers pride themselves on developing language independent models and tools that can be applied to all human languages, e.g. machine translation systems can be built for a variety of languages using the same basic mechanisms and models. However, the reality is that some languages do get more attention (e.g., English and Chinese) than others (e.g., Hindi and Swahili). Arabic, the primary language of the Arab world and the religious language of millions of non-Arab Muslims is somewhere in the middle of this continuum. Though Arabic NLP has many challenges, it has seen many successes and developments. Next we discuss Arabic's main challenges as a necessary background, and we present a brief history of Arabic NLP. We then survey a number of its research areas, and close with a critical discussion of the future of Arabic NLP."
"Arabic Extractive Summarization Using Pre-Trained Models","https://scispace.com/papers/arabic-extractive-summarization-using-pre-trained-models-4ffbg1t02l","2023","Journal Article","Deleted Journal","Yasmin Einieh
Amal Almansour
Amani Jamal","10.4197/comp.12-1.6","https://scispace.com/pdf/arabic-extractive-summarization-using-pre-trained-models-4ffbg1t02l.pdf","No","","","","","","","","","","","SciSpace Full Text","- **Relevance Score:** 0/100 - **Relevance Tag:** Not Relevant - **Reasoning:** Focuses on Arabic text extractive summarization, not speech processing, ASR, TTS, or related neural speech architectures.","Automatic Text Summarization (ATS) is a crucial area of study in Natural Language Processing (NLP) due to the vast amount of online information available. Extractive summarization, which involves selecting important sentences from the original document without altering their wording, is one approach to generating summaries. While many methods for Arabic text summarization exist, deep learning applications are still in their early stages, and there is a shortage of available datasets. Unlike English, there have been fewer experiments conducted on Arabic language summarization due to its unique characteristics. This study aims to fill this gap by experimenting with several models for summarizing Arabic text, including QARiB, AraELECTRA, and AraBERT-base models, all trained using the KALIMA dataset. The AraBERT model performed exceptionally well, achieving high scores of 0.44, 0.26, and 0.44 on the ROUGE-1, ROUGE-2, and ROUGE-L measures, respectively."
"Tibyan Automated Arabic Correction Using Machine-Learning in Detecting Syntactical Mistakes","https://scispace.com/papers/tibyan-automated-arabic-correction-using-machine-learning-in-i7qxhbndka","2020","","","Ashwag O. Maghraby
Nida N. Khan
Hosnia A. Ahmed
Ghufran N. Brohi
Hind F. Assouli
Jawaher S. Melibari","","https://scispace.com/pdf/tibyan-automated-arabic-correction-using-machine-learning-in-i7qxhbndka.pdf","Yes","","","","","","","","","","","SciSpace Full Text","- **Relevance Score:** 0/100 - **Relevance Tag:** Not Relevant - **Reasoning:** The work targets textual Arabic grammar correction using SVM and rule‑based methods, without involving spoken Arabic processing, ASR/TTS, neural models, or speech‑corpus evaluation.",""
"Arabic Topic Identification: A Decade Scoping Review","https://scispace.com/papers/arabic-topic-identification-a-decade-scoping-review-2d10kwbjbu","2021","Journal Article","","Anoual El Kah
Imad Zeroual","10.1051/E3SCONF/202129701058","https://scispace.com/pdf/arabic-topic-identification-a-decade-scoping-review-2d10kwbjbu.pdf","Yes","","","","","","","","","","","SciSpace Full Text","- **Relevance Score:** 0/100 - **Relevance Tag:** Not Relevant - **Reasoning:** Focuses on Arabic text topic identification, not on spoken Arabic processing, recognition, or synthesis.","Arabic topic identification is a part of text classification that aims to assign a given text a set of pre-defined classes (i.e., topics) based on its content and extracted features. This task can be performed using rule-based methods or data-driven approaches. These latter gained more popularity since they require much less human effort to accurately classify a large number of documents. Due to the tremendous growth of Web contents primarily in news websites and social media, topic identification had received a great deal of attention over the last years, and has become a cornerstone of both search engines and information retrieval. The Arabic language is the fourth most used language on the web and records the highest growth in the last two decades (2000–2020). Based on these facts currently available, it seems fair to look closer at the advancements in the Arabic topic identification in the last decade. To this end, we performed the first of its kind scoping review that addresses recent studies in the field of Arabic topic identification that follows the PRISMA-ScR guidelines. This review is based on various online bibliographic databases (e.g., Springer, ScienceDirect, and IEEE Xplore) and datasets search engines (e.g., Google Dataset Search)."
"Arabic natural language processing for Qur’anic research: a systematic review","https://scispace.com/papers/arabic-natural-language-processing-for-quranic-research-a-2gnhsg95","2022","Journal Article","Artificial Intelligence Review","Michel Tsamados","10.1007/s10462-022-10313-2","https://scispace.com/pdf/arabic-natural-language-processing-for-quranic-research-a-2gnhsg95.pdf","Yes","","","","","","","","","","","SciSpace Full Text","- **Relevance Score:** 0/100 - **Relevance Tag:** Not Relevant - **Reasoning:** Reviews Arabic text NLP for Qur’anic research; covers morphology and NER, with no speech, ASR, TTS, or related neural/evaluation aspects.","Abstract The Qur’an is a fourteen centuries old divine book in Arabic language that is read and followed by almost two billion Muslims globally as their sacred religious text. With the rise of Islam, the Arabic language gained popularity and became the lingua franca for large swaths of the old world. Devout Muslims read the Qur’an daily seeking guidance and comfort. Though the Qur’an, as a text, is short, there is a huge volume of supporting work filling tens of thousands of volumes, e.g., commentaries, exegesis, etc. Recently, there has been a renewed interest in such religious texts by non-specialists. Many of which were fueled by the recent advances in computational and natural language processing (NLP) techniques. These techniques help the development of tools that benefit common people to gain knowledge easily. This paper surveys the different efforts in the field of Qur’anic NLP, serving as a synthesized compendium of works (tools, data sets, approaches) covering the gamut from automated morphological analysis to correction of Qur’anic recitation via speech recognition. Multiple approaches are discussed for several tasks, where appropriate. Finally, we outline future research directions in this field."
"EverydayMMQA: A Multilingual and Multimodal Framework for Culturally Grounded Spoken Visual QA","https://arxiv.org/abs/2510.06371v1","2025","Preprint","","Firoj Alam
Ali Ezzat Shahroor
Md. Arid Hasan
Zien Sheikh Ali
Hunzalah Hassan Bhatti
Mohamed Bayan Kmainasi
Shammur Absar Chowdhury
Basel Mousi
Fahim Dalvi
Nadir Durrani
Natasa Milic-Frayling","","https://arxiv.org/pdf/2510.06371v1","Yes","","","","","","","http://arxiv.org/abs/2510.06371v1","2025-10-07T18:37:32Z","cs.CL","cs.CL, cs.AI","arXiv","- **Relevance Score:** 0/100 - **Relevance Tag:** Not Relevant - **Reasoning:** Uses Arabic speech only as part of a multimodal QA dataset; does not target Arabic ASR/TTS, neural architectures, or detailed speech evaluations.","Large-scale multimodal models achieve strong results on tasks like Visual Question Answering (VQA), but they often fail when queries require culturally grounded, everyday knowledge, particularly in low-resource and underrepresented languages. To bridge this gap, we introduce Everyday Multimodal and Multilingual QA (EverydayMMQA), a framework for creating large-scale, culturally-grounded datasets for spoken and visual question answering (SVQA). Using this framework, we developed OASIS, a multimodal dataset integrating speech, images, and text. With over ~0.92M images and 14.8M QA pairs, OASIS contains 3.7M spoken questions, enabling four unique input combinations: speech-only, text-only, speech+image, and text+image. Focused on English and Arabic varieties, 18 countries, the dataset content is curated to reflect diverse, real-world situations. OASIS tests models on tasks beyond object recognition that involve pragmatic, commonsense, and culturally aware reasoning. We benchmarked four closed-source models, three open-source models, and one fine-tuned model. EverydayMMQA and OASIS together provide a benchmark and training dataset for building multimodal LLMs for a comprehensive set of everyday tasks within cultural contexts. The framework and dataset will be made publicly available to the community."
"Voxlect: A Speech Foundation Model Benchmark for Modeling Dialects and Regional Languages Around the Globe","https://arxiv.org/abs/2508.01691v1","2025","Preprint","","Tiantian Feng
Kevin Huang
Anfeng Xu
Xuan Shi
Thanathai Lertpetchpun
Jihwan Lee
Yoonjeong Lee
Dani Byrd
Shrikanth Narayanan","","https://arxiv.org/pdf/2508.01691v1","Yes","","","","","","","http://arxiv.org/abs/2508.01691v1","2025-08-03T09:51:28Z","cs.SD","cs.SD, cs.CL, eess.AS","arXiv","- **Relevance Score:** 0/100 - **Relevance Tag:** Not Relevant - **Reasoning:** Benchmarks dialect classification across many languages, including Arabic, but does not target Arabic ASR/TTS, neural end‑to‑end models, or detailed Arabic evaluations.","We present Voxlect, a novel benchmark for modeling dialects and regional languages worldwide using speech foundation models. Specifically, we report comprehensive benchmark evaluations on dialects and regional language varieties in English, Arabic, Mandarin and Cantonese, Tibetan, Indic languages, Thai, Spanish, French, German, Brazilian Portuguese, and Italian. Our study used over 2 million training utterances from 30 publicly available speech corpora that are provided with dialectal information. We evaluate the performance of several widely used speech foundation models in classifying speech dialects. We assess the robustness of the dialectal models under noisy conditions and present an error analysis that highlights modeling results aligned with geographic continuity. In addition to benchmarking dialect classification, we demonstrate several downstream applications enabled by Voxlect. Specifically, we show that Voxlect can be applied to augment existing speech recognition datasets with dialect information, enabling a more detailed analysis of ASR performance across dialectal variations. Voxlect is also used as a tool to evaluate the performance of speech generation systems. Voxlect is publicly available with the license of the RAIL family at: https://github.com/tiantiaf0627/voxlect."
"Grammatical Structure and Grammatical Variations in Non-Metric Iranian Classical Music","https://arxiv.org/abs/2507.10708v1","2025","Preprint","","Maziar Kanani
Sean O Leary
James McDermott","","https://arxiv.org/pdf/2507.10708v1","Yes","","","","","","","http://arxiv.org/abs/2507.10708v1","2025-07-14T18:21:07Z","cs.NE","cs.NE, cs.SD, eess.AS","arXiv","- **Relevance Score:** 0/100 - **Relevance Tag:** Not Relevant - **Reasoning:** The paper deals with symbolic parsing and variation generation for non-metric Iranian classical music, not Arabic speech processing, ASR/TTS, or related neural/audio techniques.","In this study we introduce a symbolic dataset composed of non-metric Iranian classical music, and algorithms for structural parsing of this music, and generation of variations. The corpus comprises MIDI files and data sheets of Dastgah Shour from Radif Mirza Abdollah, the foundational repertoire of Iranian classical music. Furthermore, we apply our previously-introduced algorithm for parsing melodic structure (Kanani et al., 2023b)to the dataset. Unlike much Western music, this type of non-metric music does not follow bar-centric organisation. The non-metric organisation can be captured well by our parsing algorithm. We parse each tune (Gusheh) into a grammar to identify motifs and phrases. These grammar representations can be useful for educational and ethnomusicological purposes. We also further develop a previously-introduced method of creating melodic variations (Kanani et al., 2023b). After parsing an existing tune to produce a grammar, by applying mutations to this grammar, we generate a new grammar. Expanding this new version yields a variation of the original tune. Variations are assessed by a domain-expert listener. Additionally, we conduct a statistical analysis of mutation with different representation setups for our parsing and generation algorithms. The overarching conclusion is that the system successfully produces acceptable variations post-mutation. While our case study focuses on Iranian classical music, the methodology can be adapted for Arabic or Turkish classical music."
"Systematic Literature Review of Dialectal Arabic: Identification and Detection","https://scispace.com/papers/systematic-literature-review-of-dialectal-arabic-37wxhcdm0h","2021","Journal Article","IEEE Access","Ashraf Elnagar
Sane M. Yagi
Ali Bou Nassif
Ismail Shahin
Said A. Salloum","10.1109/ACCESS.2021.3059504","https://scispace.com/pdf/systematic-literature-review-of-dialectal-arabic-37wxhcdm0h.pdf","Yes","54","","","","","","","","","","SciSpace Full Text","- **Relevance Score:** 0/100 - **Relevance Tag:** Not Relevant - **Reasoning:** A systematic review of dialect identification, not speech processing, ASR/TTS, or related neural, low‑resource, evaluation, multilingual, or real‑time aspects.","It is becoming increasingly difficult to know who is working on what and how in computational studies of Dialectal Arabic. This study comes to chart the field by conducting a systematic literature review that is intended to give insight into the most and least popular research areas, dialects, machine learning approaches, neural network input features, data types, datasets, system evaluation criteria, publication venues, and publication trends. It is a review that is guided by the norms of systematic reviews. It has taken account of all the research that adopted a computational approach to dialectal Arabic identification and detection and that was published between 2000 and 2020. It collected, analyzed, and collated this research, discovered its trends, and identified research gaps. It revealed, inter alia, that our research effort has not been directed evenly between speech and text or between the vernaculars; there is some bias favoring text over speech, regional varieties over individual vernaculars, and Egyptian over all other vernaculars. Furthermore, there is a clear preference for shallow machine learning approaches, for the use of n-grams, TF-IDF, and MFCC as neural network features, and for accuracy as a statistical measure of validation of results. This paper also pointed to some glaring gaps in the research: (1) total neglect of Mauritanian and Bahraini in the continuous Arabic language area and of such enclave varieties as Anatolian Arabic, Khuzistan Arabic, Khurasan Arabic, Uzbekistan Arabic, the Subsaharan Arabic of Nigeria and Chad, Djibouti Arabic, Cypriot Arabic and Maltese; (2) scarcity of city dialect resources; (3) rarity of linguistic investigations that would complement our research; (4) and paucity of deep machine learning experimentation."
"A Survey of Large Language Models for Arabic Language and its Dialects","https://scispace.com/papers/a-survey-of-large-language-models-for-arabic-language-and-6mvba9rfvqyp","2024","Journal Article","","Malak Mashaabi
Shahad Al-Khalifa
Hend S. Al‐Khalifa","10.48550/arxiv.2410.20238","https://scispace.com/pdf/a-survey-of-large-language-models-for-arabic-language-and-6mvba9rfvqyp.pdf","No","","","","","","","","","","","SciSpace Full Text","- **Relevance Score:** 0/100 - **Relevance Tag:** Not Relevant - **Reasoning:** Survey covers Arabic text LLMs and dialects, without addressing speech, ASR, TTS, or related neural speech architectures and evaluations.","This survey offers a comprehensive overview of Large Language Models (LLMs) designed for Arabic language and its dialects. It covers key architectures, including encoder-only, decoder-only, and encoder-decoder models, along with the datasets used for pre-training, spanning Classical Arabic, Modern Standard Arabic, and Dialectal Arabic. The study also explores monolingual, bilingual, and multilingual LLMs, analyzing their architectures and performance across downstream tasks, such as sentiment analysis, named entity recognition, and question answering. Furthermore, it assesses the openness of Arabic LLMs based on factors, such as source code availability, training data, model weights, and documentation. The survey highlights the need for more diverse dialectal datasets and attributes the importance of openness for research reproducibility and transparency. It concludes by identifying key challenges and opportunities for future research and stressing the need for more inclusive and representative models."
"CS-FLEURS: A Massively Multilingual and Code-Switched Speech Dataset","https://arxiv.org/abs/2509.14161v1","2025","Preprint","","Brian Yan
Injy Hamed
Shuichiro Shimizu
Vasista Lodagala
William Chen
Olga Iakovenko
Bashar Talafha
Amir Hussein
Alexander Polok
Kalvin Chang
Dominik Klement
Sara Althubaiti
Puyuan Peng
Matthew Wiesner
Thamar Solorio
Ahmed Ali
Sanjeev Khudanpur
Shinji Watanabe
Chih-Chen Chen
Zhen Wu
Karim Benharrak
Anuj Diwan
Samuele Cornell
Eunjung Yeo
Kwanghee Choi
Carlos Carvalho
Karen Rosero","","https://arxiv.org/pdf/2509.14161v1","Yes","","","","","","","http://arxiv.org/abs/2509.14161v1","2025-09-17T16:45:22Z","cs.CL","cs.CL, cs.SD, eess.AS","arXiv","- **Relevance Score:** 0/100 - **Relevance Tag:** Not Relevant - **Reasoning:** Provides a multilingual code‑switched dataset including Arabic pairs, but focuses on data creation rather than Arabic ASR/TTS methods or evaluations.","We present CS-FLEURS, a new dataset for developing and evaluating code-switched speech recognition and translation systems beyond high-resourced languages. CS-FLEURS consists of 4 test sets which cover in total 113 unique code-switched language pairs across 52 languages: 1) a 14 X-English language pair set with real voices reading synthetically generated code-switched sentences, 2) a 16 X-English language pair set with generative text-to-speech 3) a 60 {Arabic, Mandarin, Hindi, Spanish}-X language pair set with the generative text-to-speech, and 4) a 45 X-English lower-resourced language pair test set with concatenative text-to-speech. Besides the four test sets, CS-FLEURS also provides a training set with 128 hours of generative text-to-speech data across 16 X-English language pairs. Our hope is that CS-FLEURS helps to broaden the scope of future code-switched speech research. Dataset link: https://huggingface.co/datasets/byan/cs-fleurs."
"CSLRConformer: A Data-Centric Conformer Approach for Continuous Arabic Sign Language Recognition on the Isharah Datase","https://arxiv.org/abs/2508.01791v1","2025","Preprint","","Fatimah Mohamed Emad Elden","","https://arxiv.org/pdf/2508.01791v1","Yes","","","","","","","http://arxiv.org/abs/2508.01791v1","2025-08-03T14:58:50Z","cs.CV","cs.CV, cs.AI, cs.CL","arXiv","- **Relevance Score:** 0/100 - **Relevance Tag:** Not Relevant - **Reasoning:** Focuses on Arabic sign language recognition, not spoken Arabic processing; no ASR/TTS, speech data, or related evaluations presented.","The field of Continuous Sign Language Recognition (CSLR) poses substantial technical challenges, including fluid inter-sign transitions, the absence of temporal boundaries, and co-articulation effects. This paper, developed for the MSLR 2025 Workshop Challenge at ICCV 2025, addresses the critical challenge of signer-independent recognition to advance the generalization capabilities of CSLR systems across diverse signers. A data-centric methodology is proposed, centered on systematic feature engineering, a robust preprocessing pipeline, and an optimized model architecture. Key contributions include a principled feature selection process guided by Exploratory Data Analysis (EDA) to isolate communicative keypoints, a rigorous preprocessing pipeline incorporating DBSCAN-based outlier filtering and spatial normalization, and the novel CSLRConformer architecture. This architecture adapts the hybrid CNN-Transformer design of the Conformer model, leveraging its capacity to model local temporal dependencies and global sequence context; a characteristic uniquely suited for the spatio-temporal dynamics of sign language. The proposed methodology achieved a competitive performance, with a Word Error Rate (WER) of 5.60% on the development set and 12.01% on the test set, a result that secured a 3rd place ranking on the official competition platform. This research validates the efficacy of cross-domain architectural adaptation, demonstrating that the Conformer model, originally conceived for speech recognition, can be successfully repurposed to establish a new state-of-the-art performance in keypoint-based CSLR."
"On Ambiguity in the Arabic Language: Scrutinizing Translation Issues through Machine Translation from English and French into Arabic","https://scispace.com/papers/on-ambiguity-in-the-arabic-language-scrutinizing-translation-22okqfpki3","2024","Journal Article","Journal of intercultural communication","Bahia Zemni
Mimouna Zitouni
Farouk Bouhadiba
Mashael Almutairi","10.36923/jicc.v24i1.171","https://scispace.com/pdf/on-ambiguity-in-the-arabic-language-scrutinizing-translation-22okqfpki3.pdf","No","","","","","","","","","","","SciSpace Full Text","- **Relevance Score:** 0/100 - **Relevance Tag:** Not Relevant - **Reasoning:** Focuses on textual translation ambiguity and Arabic morphology, not on spoken Arabic processing, ASR, TTS, or related neural speech technologies.","Ambiguity in some syntactic structures of the same language has always posed problems to the human translator and to machine translation. These problems become more complex for the Machine Translation of genetically unrelated languages such as Arabic, English and French. Arabic Lexical ambiguity in Natural Language Processing (NLP) also poses problems when the semantic fields of Arabic words differ from those of English for instance. This often occurs when two or more words from Arabic equate to a single word in English. Semantic gaps between the two languages are also a source of ambiguity in Natural Language Processing. We shall deal with some cases of ambiguity in machine translation from Arabic to English and French and vice versa. The questions addressed in this paper relate to segmentation, determination / non-determination, coordination and the issue of the word as a meaningful and functional unit. Some aspects of the segmentation of constituents into grammatical categories and their comparison with structures of Arabic English and French are addressed in this paper."
"Auto electronic recognition of the Arabic letters sound","https://scispace.com/papers/auto-electronic-recognition-of-the-arabic-letters-sound-1w743mde","2022","Journal Article","Indonesian Journal of Electrical Engineering and Computer Science","Omar Ibrahim Alsaif
Kifaa Hadi Thanoon
Asmaa Hadi Al_bayati","10.11591/ijeecs.v28.i2.pp769-776","https://scispace.com/pdf/auto-electronic-recognition-of-the-arabic-letters-sound-1w743mde.pdf","Yes","","","","","","","","","","","SciSpace Full Text","- **Relevance Score:** 0/100 - **Relevance Tag:** Not Relevant - **Reasoning:** Focuses on phonetic description and manual analysis of Arabic letters; lacks ASR/TTS methods, neural models, evaluations, or real‑time implementations.","In this research Arabic speech sounds have been studied and investigated, so as to find the distinctive features of each articulated sound. Therefore, certain Arabic sound which share certain approximate distinctive significant features have been chosen for study the ability of distinguishing among them through abstracting characteristic features for them. The signals of speech for the sounds have been recorded through the microphone which represented in a binary matrix. This procedure was implemented so as prepare these signals for processing operation through which two features for the co-occurrence matrix (contrast, energy) have been counted. The values of these features were studied and compared from one person to another to discover the certain speech sounds properties sharing certain common distinguishing features approximate in their articulation one another. The results analysis for this study gave the ability of the dependence to these features for distinguish the sound of speaker, in addition to the high ability which provided to distinguish among the arabic letters, where no connect between both co-occurrence matrix elements and the features of signaling of any arabic letters."
"Arabic Handwritten Text Recognition Systems and Challenges and Opportunities","https://scispace.com/papers/arabic-handwritten-text-recognition-systems-and-challenges-3vnqa2au7d","2023","Journal Article","The Egyptian Journal of Language Engineering","Esraa El-Awadly
Ahmed Ismail Ebada
Aya M. Al‐Zoghby","10.21608/ejle.2023.193993.1043","https://scispace.com/pdf/arabic-handwritten-text-recognition-systems-and-challenges-3vnqa2au7d.pdf","No","","","","","","","","","","","SciSpace Full Text","- **Relevance Score:** 0/100 - **Relevance Tag:** Not Relevant - **Reasoning:** Paper addresses Arabic handwritten OCR, not speech; thus irrelevant to all speech‑related criteria.",""
"Arabic Text Processing Model: Verbs Roots and Conjugation Automation","https://scispace.com/papers/arabic-text-processing-model-verbs-roots-and-conjugation-1m39m8opcq","2020","Journal Article","IEEE Access","Mohamed Tahar Ben Othman
Mohammed Abdullah Al-Hagery
Yahya Muhammad El Hashemi","10.1109/ACCESS.2020.2999259","https://scispace.com/pdf/arabic-text-processing-model-verbs-roots-and-conjugation-1m39m8opcq.pdf","Yes","","","","","","","","","","","SciSpace Full Text","- **Relevance Score:** 0/100 - **Relevance Tag:** Not Relevant - **Reasoning:** Focuses on Arabic verb root extraction and conjugation automation, a text‑processing task; contains no speech, ASR, TTS, neural models, or related evaluations.","The Natural Language Processing (NLP) is a process to automate the text or speech of Natural Languages. This automation is mainly conducted for Western languages. The Arabic Language got less focus in this area. This paper presents a Model to recognize an Arabic sentence. A new morphological model based on regular expressions is developed to recognize the Arabic verbs. A hash table containing all Arabic three-letters' root of verbs is implemented. The total number of Arabic verbs that are derived from three-letters' root size is 23090. The number of roots is 6104. A set of rules forming the Arabic grammar is used to derive and analyze the syntax of Arabic sentences. About 87% of the verbs represented in our regular expressions' engine are detected. Moreover, the sentences are also recognized. In several Surat of the Quran, only 9% of the detected verbs are false-positive (a non-verb declared as a verb), and 4% are considered false-negative (a verb is considered as a noun). This rate is mainly because we are not using vowels even that the Quran (our case study) is using them. The reason behind our decision is to be able to handle all Arabic texts, which mostly are not using vowels."